id,img_path,label
571,E:\ImageQant\data\generated\images\rec_571.png,1
155,E:\ImageQant\data\generated\images\rec_155.png,1
912,E:\ImageQant\data\generated\images\rec_912.png,1
1972,E:\ImageQant\data\generated\images\rec_1972.png,1
2951,E:\ImageQant\data\generated\images\rec_2951.png,0
1533,E:\ImageQant\data\generated\images\rec_1533.png,0
4150,E:\ImageQant\data\generated\images\rec_4150.png,0
3208,E:\ImageQant\data\generated\images\rec_3208.png,1
358,E:\ImageQant\data\generated\images\rec_358.png,0
1987,E:\ImageQant\data\generated\images\rec_1987.png,0
2710,E:\ImageQant\data\generated\images\rec_2710.png,0
1758,E:\ImageQant\data\generated\images\rec_1758.png,0
1279,E:\ImageQant\data\generated\images\rec_1279.png,0
1068,E:\ImageQant\data\generated\images\rec_1068.png,0
1824,E:\ImageQant\data\generated\images\rec_1824.png,0
4210,E:\ImageQant\data\generated\images\rec_4210.png,0
4153,E:\ImageQant\data\generated\images\rec_4153.png,0
3177,E:\ImageQant\data\generated\images\rec_3177.png,1
2949,E:\ImageQant\data\generated\images\rec_2949.png,1
1043,E:\ImageQant\data\generated\images\rec_1043.png,0
1706,E:\ImageQant\data\generated\images\rec_1706.png,1
4407,E:\ImageQant\data\generated\images\rec_4407.png,0
630,E:\ImageQant\data\generated\images\rec_630.png,0
2973,E:\ImageQant\data\generated\images\rec_2973.png,0
93,E:\ImageQant\data\generated\images\rec_93.png,1
3499,E:\ImageQant\data\generated\images\rec_3499.png,0
3503,E:\ImageQant\data\generated\images\rec_3503.png,0
1492,E:\ImageQant\data\generated\images\rec_1492.png,1
1498,E:\ImageQant\data\generated\images\rec_1498.png,0
1913,E:\ImageQant\data\generated\images\rec_1913.png,1
784,E:\ImageQant\data\generated\images\rec_784.png,0
3283,E:\ImageQant\data\generated\images\rec_3283.png,0
248,E:\ImageQant\data\generated\images\rec_248.png,0
404,E:\ImageQant\data\generated\images\rec_404.png,0
640,E:\ImageQant\data\generated\images\rec_640.png,1
4116,E:\ImageQant\data\generated\images\rec_4116.png,0
763,E:\ImageQant\data\generated\images\rec_763.png,0
3105,E:\ImageQant\data\generated\images\rec_3105.png,1
3571,E:\ImageQant\data\generated\images\rec_3571.png,0
2960,E:\ImageQant\data\generated\images\rec_2960.png,0
639,E:\ImageQant\data\generated\images\rec_639.png,1
2796,E:\ImageQant\data\generated\images\rec_2796.png,1
2702,E:\ImageQant\data\generated\images\rec_2702.png,1
2943,E:\ImageQant\data\generated\images\rec_2943.png,0
3797,E:\ImageQant\data\generated\images\rec_3797.png,1
3905,E:\ImageQant\data\generated\images\rec_3905.png,0
3869,E:\ImageQant\data\generated\images\rec_3869.png,1
1751,E:\ImageQant\data\generated\images\rec_1751.png,0
3728,E:\ImageQant\data\generated\images\rec_3728.png,0
2847,E:\ImageQant\data\generated\images\rec_2847.png,1
4067,E:\ImageQant\data\generated\images\rec_4067.png,1
1091,E:\ImageQant\data\generated\images\rec_1091.png,1
1007,E:\ImageQant\data\generated\images\rec_1007.png,0
3747,E:\ImageQant\data\generated\images\rec_3747.png,0
3093,E:\ImageQant\data\generated\images\rec_3093.png,0
263,E:\ImageQant\data\generated\images\rec_263.png,0
658,E:\ImageQant\data\generated\images\rec_658.png,0
3309,E:\ImageQant\data\generated\images\rec_3309.png,1
2468,E:\ImageQant\data\generated\images\rec_2468.png,1
1300,E:\ImageQant\data\generated\images\rec_1300.png,1
347,E:\ImageQant\data\generated\images\rec_347.png,0
3981,E:\ImageQant\data\generated\images\rec_3981.png,0
2214,E:\ImageQant\data\generated\images\rec_2214.png,0
2590,E:\ImageQant\data\generated\images\rec_2590.png,1
382,E:\ImageQant\data\generated\images\rec_382.png,0
3792,E:\ImageQant\data\generated\images\rec_3792.png,1
2172,E:\ImageQant\data\generated\images\rec_2172.png,0
2907,E:\ImageQant\data\generated\images\rec_2907.png,0
3263,E:\ImageQant\data\generated\images\rec_3263.png,0
2534,E:\ImageQant\data\generated\images\rec_2534.png,0
2125,E:\ImageQant\data\generated\images\rec_2125.png,1
1227,E:\ImageQant\data\generated\images\rec_1227.png,0
474,E:\ImageQant\data\generated\images\rec_474.png,1
2805,E:\ImageQant\data\generated\images\rec_2805.png,0
1119,E:\ImageQant\data\generated\images\rec_1119.png,0
92,E:\ImageQant\data\generated\images\rec_92.png,1
1675,E:\ImageQant\data\generated\images\rec_1675.png,1
3272,E:\ImageQant\data\generated\images\rec_3272.png,0
668,E:\ImageQant\data\generated\images\rec_668.png,1
2548,E:\ImageQant\data\generated\images\rec_2548.png,0
788,E:\ImageQant\data\generated\images\rec_788.png,1
4184,E:\ImageQant\data\generated\images\rec_4184.png,0
2883,E:\ImageQant\data\generated\images\rec_2883.png,0
1470,E:\ImageQant\data\generated\images\rec_1470.png,0
2736,E:\ImageQant\data\generated\images\rec_2736.png,0
398,E:\ImageQant\data\generated\images\rec_398.png,1
566,E:\ImageQant\data\generated\images\rec_566.png,1
771,E:\ImageQant\data\generated\images\rec_771.png,1
3531,E:\ImageQant\data\generated\images\rec_3531.png,0
1429,E:\ImageQant\data\generated\images\rec_1429.png,0
44,E:\ImageQant\data\generated\images\rec_44.png,1
3875,E:\ImageQant\data\generated\images\rec_3875.png,1
329,E:\ImageQant\data\generated\images\rec_329.png,0
3854,E:\ImageQant\data\generated\images\rec_3854.png,1
883,E:\ImageQant\data\generated\images\rec_883.png,1
2774,E:\ImageQant\data\generated\images\rec_2774.png,0
2038,E:\ImageQant\data\generated\images\rec_2038.png,0
3141,E:\ImageQant\data\generated\images\rec_3141.png,0
2849,E:\ImageQant\data\generated\images\rec_2849.png,0
1863,E:\ImageQant\data\generated\images\rec_1863.png,0
2032,E:\ImageQant\data\generated\images\rec_2032.png,0
4361,E:\ImageQant\data\generated\images\rec_4361.png,0
3089,E:\ImageQant\data\generated\images\rec_3089.png,1
1944,E:\ImageQant\data\generated\images\rec_1944.png,1
3486,E:\ImageQant\data\generated\images\rec_3486.png,0
335,E:\ImageQant\data\generated\images\rec_335.png,0
4291,E:\ImageQant\data\generated\images\rec_4291.png,0
430,E:\ImageQant\data\generated\images\rec_430.png,0
3470,E:\ImageQant\data\generated\images\rec_3470.png,0
699,E:\ImageQant\data\generated\images\rec_699.png,1
1914,E:\ImageQant\data\generated\images\rec_1914.png,0
3515,E:\ImageQant\data\generated\images\rec_3515.png,0
4025,E:\ImageQant\data\generated\images\rec_4025.png,0
390,E:\ImageQant\data\generated\images\rec_390.png,0
1970,E:\ImageQant\data\generated\images\rec_1970.png,0
2006,E:\ImageQant\data\generated\images\rec_2006.png,0
2713,E:\ImageQant\data\generated\images\rec_2713.png,0
1839,E:\ImageQant\data\generated\images\rec_1839.png,0
2695,E:\ImageQant\data\generated\images\rec_2695.png,0
42,E:\ImageQant\data\generated\images\rec_42.png,0
3356,E:\ImageQant\data\generated\images\rec_3356.png,0
2237,E:\ImageQant\data\generated\images\rec_2237.png,1
2084,E:\ImageQant\data\generated\images\rec_2084.png,0
2213,E:\ImageQant\data\generated\images\rec_2213.png,1
3814,E:\ImageQant\data\generated\images\rec_3814.png,0
1377,E:\ImageQant\data\generated\images\rec_1377.png,0
3937,E:\ImageQant\data\generated\images\rec_3937.png,0
1274,E:\ImageQant\data\generated\images\rec_1274.png,0
837,E:\ImageQant\data\generated\images\rec_837.png,0
1817,E:\ImageQant\data\generated\images\rec_1817.png,0
3465,E:\ImageQant\data\generated\images\rec_3465.png,1
3536,E:\ImageQant\data\generated\images\rec_3536.png,1
1281,E:\ImageQant\data\generated\images\rec_1281.png,0
697,E:\ImageQant\data\generated\images\rec_697.png,0
87,E:\ImageQant\data\generated\images\rec_87.png,0
4365,E:\ImageQant\data\generated\images\rec_4365.png,0
3946,E:\ImageQant\data\generated\images\rec_3946.png,0
409,E:\ImageQant\data\generated\images\rec_409.png,1
199,E:\ImageQant\data\generated\images\rec_199.png,0
57,E:\ImageQant\data\generated\images\rec_57.png,1
1815,E:\ImageQant\data\generated\images\rec_1815.png,0
4004,E:\ImageQant\data\generated\images\rec_4004.png,0
931,E:\ImageQant\data\generated\images\rec_931.png,0
1982,E:\ImageQant\data\generated\images\rec_1982.png,0
312,E:\ImageQant\data\generated\images\rec_312.png,0
4047,E:\ImageQant\data\generated\images\rec_4047.png,0
813,E:\ImageQant\data\generated\images\rec_813.png,0
1366,E:\ImageQant\data\generated\images\rec_1366.png,1
3682,E:\ImageQant\data\generated\images\rec_3682.png,1
1514,E:\ImageQant\data\generated\images\rec_1514.png,1
3519,E:\ImageQant\data\generated\images\rec_3519.png,1
105,E:\ImageQant\data\generated\images\rec_105.png,0
1899,E:\ImageQant\data\generated\images\rec_1899.png,0
375,E:\ImageQant\data\generated\images\rec_375.png,0
1956,E:\ImageQant\data\generated\images\rec_1956.png,0
321,E:\ImageQant\data\generated\images\rec_321.png,0
373,E:\ImageQant\data\generated\images\rec_373.png,0
1462,E:\ImageQant\data\generated\images\rec_1462.png,0
2684,E:\ImageQant\data\generated\images\rec_2684.png,1
3186,E:\ImageQant\data\generated\images\rec_3186.png,1
4171,E:\ImageQant\data\generated\images\rec_4171.png,0
1789,E:\ImageQant\data\generated\images\rec_1789.png,0
2066,E:\ImageQant\data\generated\images\rec_2066.png,0
2289,E:\ImageQant\data\generated\images\rec_2289.png,1
3671,E:\ImageQant\data\generated\images\rec_3671.png,0
988,E:\ImageQant\data\generated\images\rec_988.png,1
268,E:\ImageQant\data\generated\images\rec_268.png,0
2905,E:\ImageQant\data\generated\images\rec_2905.png,0
1024,E:\ImageQant\data\generated\images\rec_1024.png,0
1087,E:\ImageQant\data\generated\images\rec_1087.png,0
3784,E:\ImageQant\data\generated\images\rec_3784.png,1
406,E:\ImageQant\data\generated\images\rec_406.png,0
1632,E:\ImageQant\data\generated\images\rec_1632.png,0
1146,E:\ImageQant\data\generated\images\rec_1146.png,0
2998,E:\ImageQant\data\generated\images\rec_2998.png,0
3316,E:\ImageQant\data\generated\images\rec_3316.png,1
2392,E:\ImageQant\data\generated\images\rec_2392.png,0
2030,E:\ImageQant\data\generated\images\rec_2030.png,0
13,E:\ImageQant\data\generated\images\rec_13.png,0
1631,E:\ImageQant\data\generated\images\rec_1631.png,1
3405,E:\ImageQant\data\generated\images\rec_3405.png,0
1820,E:\ImageQant\data\generated\images\rec_1820.png,0
4043,E:\ImageQant\data\generated\images\rec_4043.png,0
252,E:\ImageQant\data\generated\images\rec_252.png,0
1152,E:\ImageQant\data\generated\images\rec_1152.png,0
739,E:\ImageQant\data\generated\images\rec_739.png,1
3158,E:\ImageQant\data\generated\images\rec_3158.png,0
2749,E:\ImageQant\data\generated\images\rec_2749.png,1
3635,E:\ImageQant\data\generated\images\rec_3635.png,0
563,E:\ImageQant\data\generated\images\rec_563.png,0
308,E:\ImageQant\data\generated\images\rec_308.png,0
1575,E:\ImageQant\data\generated\images\rec_1575.png,0
672,E:\ImageQant\data\generated\images\rec_672.png,0
743,E:\ImageQant\data\generated\images\rec_743.png,1
2498,E:\ImageQant\data\generated\images\rec_2498.png,1
3893,E:\ImageQant\data\generated\images\rec_3893.png,1
4302,E:\ImageQant\data\generated\images\rec_4302.png,1
1257,E:\ImageQant\data\generated\images\rec_1257.png,0
1762,E:\ImageQant\data\generated\images\rec_1762.png,0
2235,E:\ImageQant\data\generated\images\rec_2235.png,0
1238,E:\ImageQant\data\generated\images\rec_1238.png,0
3821,E:\ImageQant\data\generated\images\rec_3821.png,1
2541,E:\ImageQant\data\generated\images\rec_2541.png,1
4410,E:\ImageQant\data\generated\images\rec_4410.png,0
4016,E:\ImageQant\data\generated\images\rec_4016.png,1
592,E:\ImageQant\data\generated\images\rec_592.png,0
847,E:\ImageQant\data\generated\images\rec_847.png,0
2462,E:\ImageQant\data\generated\images\rec_2462.png,1
503,E:\ImageQant\data\generated\images\rec_503.png,1
2837,E:\ImageQant\data\generated\images\rec_2837.png,0
1781,E:\ImageQant\data\generated\images\rec_1781.png,0
2316,E:\ImageQant\data\generated\images\rec_2316.png,1
2582,E:\ImageQant\data\generated\images\rec_2582.png,0
820,E:\ImageQant\data\generated\images\rec_820.png,0
1006,E:\ImageQant\data\generated\images\rec_1006.png,0
228,E:\ImageQant\data\generated\images\rec_228.png,1
3377,E:\ImageQant\data\generated\images\rec_3377.png,0
3755,E:\ImageQant\data\generated\images\rec_3755.png,1
1892,E:\ImageQant\data\generated\images\rec_1892.png,1
1554,E:\ImageQant\data\generated\images\rec_1554.png,0
1893,E:\ImageQant\data\generated\images\rec_1893.png,0
1049,E:\ImageQant\data\generated\images\rec_1049.png,0
2984,E:\ImageQant\data\generated\images\rec_2984.png,0
2919,E:\ImageQant\data\generated\images\rec_2919.png,1
77,E:\ImageQant\data\generated\images\rec_77.png,0
4007,E:\ImageQant\data\generated\images\rec_4007.png,1
2638,E:\ImageQant\data\generated\images\rec_2638.png,0
3344,E:\ImageQant\data\generated\images\rec_3344.png,1
196,E:\ImageQant\data\generated\images\rec_196.png,0
2103,E:\ImageQant\data\generated\images\rec_2103.png,1
1289,E:\ImageQant\data\generated\images\rec_1289.png,0
2264,E:\ImageQant\data\generated\images\rec_2264.png,0
3453,E:\ImageQant\data\generated\images\rec_3453.png,0
2293,E:\ImageQant\data\generated\images\rec_2293.png,0
3321,E:\ImageQant\data\generated\images\rec_3321.png,1
982,E:\ImageQant\data\generated\images\rec_982.png,0
608,E:\ImageQant\data\generated\images\rec_608.png,1
2087,E:\ImageQant\data\generated\images\rec_2087.png,1
2908,E:\ImageQant\data\generated\images\rec_2908.png,0
1438,E:\ImageQant\data\generated\images\rec_1438.png,0
3567,E:\ImageQant\data\generated\images\rec_3567.png,0
2204,E:\ImageQant\data\generated\images\rec_2204.png,0
1880,E:\ImageQant\data\generated\images\rec_1880.png,0
2760,E:\ImageQant\data\generated\images\rec_2760.png,1
3958,E:\ImageQant\data\generated\images\rec_3958.png,0
3850,E:\ImageQant\data\generated\images\rec_3850.png,1
2382,E:\ImageQant\data\generated\images\rec_2382.png,1
1990,E:\ImageQant\data\generated\images\rec_1990.png,0
903,E:\ImageQant\data\generated\images\rec_903.png,0
785,E:\ImageQant\data\generated\images\rec_785.png,0
3874,E:\ImageQant\data\generated\images\rec_3874.png,1
1280,E:\ImageQant\data\generated\images\rec_1280.png,0
2439,E:\ImageQant\data\generated\images\rec_2439.png,1
447,E:\ImageQant\data\generated\images\rec_447.png,1
2981,E:\ImageQant\data\generated\images\rec_2981.png,0
2371,E:\ImageQant\data\generated\images\rec_2371.png,0
4106,E:\ImageQant\data\generated\images\rec_4106.png,0
3891,E:\ImageQant\data\generated\images\rec_3891.png,0
797,E:\ImageQant\data\generated\images\rec_797.png,0
3013,E:\ImageQant\data\generated\images\rec_3013.png,0
3674,E:\ImageQant\data\generated\images\rec_3674.png,0
1304,E:\ImageQant\data\generated\images\rec_1304.png,0
634,E:\ImageQant\data\generated\images\rec_634.png,0
758,E:\ImageQant\data\generated\images\rec_758.png,0
3883,E:\ImageQant\data\generated\images\rec_3883.png,0
2762,E:\ImageQant\data\generated\images\rec_2762.png,0
3730,E:\ImageQant\data\generated\images\rec_3730.png,0
3192,E:\ImageQant\data\generated\images\rec_3192.png,0
3605,E:\ImageQant\data\generated\images\rec_3605.png,0
61,E:\ImageQant\data\generated\images\rec_61.png,0
3150,E:\ImageQant\data\generated\images\rec_3150.png,0
1755,E:\ImageQant\data\generated\images\rec_1755.png,0
877,E:\ImageQant\data\generated\images\rec_877.png,1
3040,E:\ImageQant\data\generated\images\rec_3040.png,1
2112,E:\ImageQant\data\generated\images\rec_2112.png,0
2652,E:\ImageQant\data\generated\images\rec_2652.png,0
723,E:\ImageQant\data\generated\images\rec_723.png,1
2023,E:\ImageQant\data\generated\images\rec_2023.png,0
2026,E:\ImageQant\data\generated\images\rec_2026.png,0
3990,E:\ImageQant\data\generated\images\rec_3990.png,0
700,E:\ImageQant\data\generated\images\rec_700.png,0
135,E:\ImageQant\data\generated\images\rec_135.png,1
3807,E:\ImageQant\data\generated\images\rec_3807.png,0
3472,E:\ImageQant\data\generated\images\rec_3472.png,1
1612,E:\ImageQant\data\generated\images\rec_1612.png,0
3287,E:\ImageQant\data\generated\images\rec_3287.png,1
4334,E:\ImageQant\data\generated\images\rec_4334.png,0
472,E:\ImageQant\data\generated\images\rec_472.png,1
3291,E:\ImageQant\data\generated\images\rec_3291.png,1
1309,E:\ImageQant\data\generated\images\rec_1309.png,0
3311,E:\ImageQant\data\generated\images\rec_3311.png,1
74,E:\ImageQant\data\generated\images\rec_74.png,0
149,E:\ImageQant\data\generated\images\rec_149.png,0
4259,E:\ImageQant\data\generated\images\rec_4259.png,1
1752,E:\ImageQant\data\generated\images\rec_1752.png,0
1618,E:\ImageQant\data\generated\images\rec_1618.png,1
1928,E:\ImageQant\data\generated\images\rec_1928.png,0
3759,E:\ImageQant\data\generated\images\rec_3759.png,1
4198,E:\ImageQant\data\generated\images\rec_4198.png,0
3152,E:\ImageQant\data\generated\images\rec_3152.png,0
1814,E:\ImageQant\data\generated\images\rec_1814.png,1
713,E:\ImageQant\data\generated\images\rec_713.png,0
4165,E:\ImageQant\data\generated\images\rec_4165.png,0
4380,E:\ImageQant\data\generated\images\rec_4380.png,1
767,E:\ImageQant\data\generated\images\rec_767.png,0
1673,E:\ImageQant\data\generated\images\rec_1673.png,0
3483,E:\ImageQant\data\generated\images\rec_3483.png,1
1073,E:\ImageQant\data\generated\images\rec_1073.png,0
3357,E:\ImageQant\data\generated\images\rec_3357.png,1
3783,E:\ImageQant\data\generated\images\rec_3783.png,0
740,E:\ImageQant\data\generated\images\rec_740.png,1
1445,E:\ImageQant\data\generated\images\rec_1445.png,1
2785,E:\ImageQant\data\generated\images\rec_2785.png,0
3448,E:\ImageQant\data\generated\images\rec_3448.png,0
1258,E:\ImageQant\data\generated\images\rec_1258.png,0
1556,E:\ImageQant\data\generated\images\rec_1556.png,1
3154,E:\ImageQant\data\generated\images\rec_3154.png,0
2926,E:\ImageQant\data\generated\images\rec_2926.png,0
101,E:\ImageQant\data\generated\images\rec_101.png,0
159,E:\ImageQant\data\generated\images\rec_159.png,0
2328,E:\ImageQant\data\generated\images\rec_2328.png,0
2110,E:\ImageQant\data\generated\images\rec_2110.png,0
2189,E:\ImageQant\data\generated\images\rec_2189.png,1
3915,E:\ImageQant\data\generated\images\rec_3915.png,0
421,E:\ImageQant\data\generated\images\rec_421.png,0
1538,E:\ImageQant\data\generated\images\rec_1538.png,1
2045,E:\ImageQant\data\generated\images\rec_2045.png,0
2887,E:\ImageQant\data\generated\images\rec_2887.png,0
3951,E:\ImageQant\data\generated\images\rec_3951.png,1
932,E:\ImageQant\data\generated\images\rec_932.png,0
2411,E:\ImageQant\data\generated\images\rec_2411.png,1
1460,E:\ImageQant\data\generated\images\rec_1460.png,1
2755,E:\ImageQant\data\generated\images\rec_2755.png,0
4347,E:\ImageQant\data\generated\images\rec_4347.png,1
815,E:\ImageQant\data\generated\images\rec_815.png,0
1980,E:\ImageQant\data\generated\images\rec_1980.png,0
143,E:\ImageQant\data\generated\images\rec_143.png,0
2707,E:\ImageQant\data\generated\images\rec_2707.png,1
876,E:\ImageQant\data\generated\images\rec_876.png,1
863,E:\ImageQant\data\generated\images\rec_863.png,1
2569,E:\ImageQant\data\generated\images\rec_2569.png,0
1130,E:\ImageQant\data\generated\images\rec_1130.png,0
2769,E:\ImageQant\data\generated\images\rec_2769.png,1
2080,E:\ImageQant\data\generated\images\rec_2080.png,0
1154,E:\ImageQant\data\generated\images\rec_1154.png,0
2931,E:\ImageQant\data\generated\images\rec_2931.png,1
418,E:\ImageQant\data\generated\images\rec_418.png,0
2614,E:\ImageQant\data\generated\images\rec_2614.png,1
3952,E:\ImageQant\data\generated\images\rec_3952.png,0
2070,E:\ImageQant\data\generated\images\rec_2070.png,0
1145,E:\ImageQant\data\generated\images\rec_1145.png,0
1937,E:\ImageQant\data\generated\images\rec_1937.png,0
1194,E:\ImageQant\data\generated\images\rec_1194.png,0
3068,E:\ImageQant\data\generated\images\rec_3068.png,0
3029,E:\ImageQant\data\generated\images\rec_3029.png,0
1371,E:\ImageQant\data\generated\images\rec_1371.png,0
1190,E:\ImageQant\data\generated\images\rec_1190.png,1
2314,E:\ImageQant\data\generated\images\rec_2314.png,0
38,E:\ImageQant\data\generated\images\rec_38.png,0
2640,E:\ImageQant\data\generated\images\rec_2640.png,1
4405,E:\ImageQant\data\generated\images\rec_4405.png,0
290,E:\ImageQant\data\generated\images\rec_290.png,0
991,E:\ImageQant\data\generated\images\rec_991.png,0
3278,E:\ImageQant\data\generated\images\rec_3278.png,1
2285,E:\ImageQant\data\generated\images\rec_2285.png,1
1163,E:\ImageQant\data\generated\images\rec_1163.png,0
414,E:\ImageQant\data\generated\images\rec_414.png,0
237,E:\ImageQant\data\generated\images\rec_237.png,0
3714,E:\ImageQant\data\generated\images\rec_3714.png,1
1020,E:\ImageQant\data\generated\images\rec_1020.png,0
3410,E:\ImageQant\data\generated\images\rec_3410.png,0
4170,E:\ImageQant\data\generated\images\rec_4170.png,0
2727,E:\ImageQant\data\generated\images\rec_2727.png,0
4330,E:\ImageQant\data\generated\images\rec_4330.png,1
121,E:\ImageQant\data\generated\images\rec_121.png,0
1686,E:\ImageQant\data\generated\images\rec_1686.png,0
1353,E:\ImageQant\data\generated\images\rec_1353.png,1
1030,E:\ImageQant\data\generated\images\rec_1030.png,0
3553,E:\ImageQant\data\generated\images\rec_3553.png,1
4072,E:\ImageQant\data\generated\images\rec_4072.png,0
3993,E:\ImageQant\data\generated\images\rec_3993.png,0
1319,E:\ImageQant\data\generated\images\rec_1319.png,0
3918,E:\ImageQant\data\generated\images\rec_3918.png,0
3267,E:\ImageQant\data\generated\images\rec_3267.png,0
671,E:\ImageQant\data\generated\images\rec_671.png,1
1694,E:\ImageQant\data\generated\images\rec_1694.png,1
4247,E:\ImageQant\data\generated\images\rec_4247.png,0
5,E:\ImageQant\data\generated\images\rec_5.png,0
1681,E:\ImageQant\data\generated\images\rec_1681.png,0
3379,E:\ImageQant\data\generated\images\rec_3379.png,0
76,E:\ImageQant\data\generated\images\rec_76.png,1
3061,E:\ImageQant\data\generated\images\rec_3061.png,1
2167,E:\ImageQant\data\generated\images\rec_2167.png,0
1116,E:\ImageQant\data\generated\images\rec_1116.png,1
2308,E:\ImageQant\data\generated\images\rec_2308.png,1
3933,E:\ImageQant\data\generated\images\rec_3933.png,0
2842,E:\ImageQant\data\generated\images\rec_2842.png,0
3584,E:\ImageQant\data\generated\images\rec_3584.png,0
461,E:\ImageQant\data\generated\images\rec_461.png,0
861,E:\ImageQant\data\generated\images\rec_861.png,1
3848,E:\ImageQant\data\generated\images\rec_3848.png,1
2929,E:\ImageQant\data\generated\images\rec_2929.png,0
4091,E:\ImageQant\data\generated\images\rec_4091.png,1
2831,E:\ImageQant\data\generated\images\rec_2831.png,0
656,E:\ImageQant\data\generated\images\rec_656.png,0
2282,E:\ImageQant\data\generated\images\rec_2282.png,1
1772,E:\ImageQant\data\generated\images\rec_1772.png,0
174,E:\ImageQant\data\generated\images\rec_174.png,1
498,E:\ImageQant\data\generated\images\rec_498.png,0
399,E:\ImageQant\data\generated\images\rec_399.png,1
132,E:\ImageQant\data\generated\images\rec_132.png,0
1480,E:\ImageQant\data\generated\images\rec_1480.png,1
2881,E:\ImageQant\data\generated\images\rec_2881.png,0
3063,E:\ImageQant\data\generated\images\rec_3063.png,0
118,E:\ImageQant\data\generated\images\rec_118.png,0
3343,E:\ImageQant\data\generated\images\rec_3343.png,0
3491,E:\ImageQant\data\generated\images\rec_3491.png,1
64,E:\ImageQant\data\generated\images\rec_64.png,0
990,E:\ImageQant\data\generated\images\rec_990.png,0
3190,E:\ImageQant\data\generated\images\rec_3190.png,1
773,E:\ImageQant\data\generated\images\rec_773.png,0
2625,E:\ImageQant\data\generated\images\rec_2625.png,1
1910,E:\ImageQant\data\generated\images\rec_1910.png,0
2398,E:\ImageQant\data\generated\images\rec_2398.png,0
1653,E:\ImageQant\data\generated\images\rec_1653.png,0
4172,E:\ImageQant\data\generated\images\rec_4172.png,0
1986,E:\ImageQant\data\generated\images\rec_1986.png,0
1827,E:\ImageQant\data\generated\images\rec_1827.png,0
2826,E:\ImageQant\data\generated\images\rec_2826.png,0
1455,E:\ImageQant\data\generated\images\rec_1455.png,1
978,E:\ImageQant\data\generated\images\rec_978.png,1
504,E:\ImageQant\data\generated\images\rec_504.png,0
917,E:\ImageQant\data\generated\images\rec_917.png,1
1915,E:\ImageQant\data\generated\images\rec_1915.png,0
2111,E:\ImageQant\data\generated\images\rec_2111.png,0
1908,E:\ImageQant\data\generated\images\rec_1908.png,0
3464,E:\ImageQant\data\generated\images\rec_3464.png,0
1748,E:\ImageQant\data\generated\images\rec_1748.png,1
2550,E:\ImageQant\data\generated\images\rec_2550.png,0
1552,E:\ImageQant\data\generated\images\rec_1552.png,0
989,E:\ImageQant\data\generated\images\rec_989.png,1
3716,E:\ImageQant\data\generated\images\rec_3716.png,1
1078,E:\ImageQant\data\generated\images\rec_1078.png,1
2521,E:\ImageQant\data\generated\images\rec_2521.png,0
1052,E:\ImageQant\data\generated\images\rec_1052.png,1
200,E:\ImageQant\data\generated\images\rec_200.png,0
2722,E:\ImageQant\data\generated\images\rec_2722.png,0
549,E:\ImageQant\data\generated\images\rec_549.png,0
2650,E:\ImageQant\data\generated\images\rec_2650.png,0
4051,E:\ImageQant\data\generated\images\rec_4051.png,0
479,E:\ImageQant\data\generated\images\rec_479.png,0
3195,E:\ImageQant\data\generated\images\rec_3195.png,1
4079,E:\ImageQant\data\generated\images\rec_4079.png,0
3963,E:\ImageQant\data\generated\images\rec_3963.png,0
1236,E:\ImageQant\data\generated\images\rec_1236.png,0
4010,E:\ImageQant\data\generated\images\rec_4010.png,1
3070,E:\ImageQant\data\generated\images\rec_3070.png,0
194,E:\ImageQant\data\generated\images\rec_194.png,0
3336,E:\ImageQant\data\generated\images\rec_3336.png,1
4275,E:\ImageQant\data\generated\images\rec_4275.png,0
198,E:\ImageQant\data\generated\images\rec_198.png,0
3763,E:\ImageQant\data\generated\images\rec_3763.png,0
157,E:\ImageQant\data\generated\images\rec_157.png,0
2827,E:\ImageQant\data\generated\images\rec_2827.png,0
3078,E:\ImageQant\data\generated\images\rec_3078.png,0
3238,E:\ImageQant\data\generated\images\rec_3238.png,0
3749,E:\ImageQant\data\generated\images\rec_3749.png,0
1468,E:\ImageQant\data\generated\images\rec_1468.png,0
3103,E:\ImageQant\data\generated\images\rec_3103.png,1
1900,E:\ImageQant\data\generated\images\rec_1900.png,0
3367,E:\ImageQant\data\generated\images\rec_3367.png,0
3703,E:\ImageQant\data\generated\images\rec_3703.png,1
4046,E:\ImageQant\data\generated\images\rec_4046.png,0
3234,E:\ImageQant\data\generated\images\rec_3234.png,0
3171,E:\ImageQant\data\generated\images\rec_3171.png,1
600,E:\ImageQant\data\generated\images\rec_600.png,1
2348,E:\ImageQant\data\generated\images\rec_2348.png,1
1379,E:\ImageQant\data\generated\images\rec_1379.png,1
2862,E:\ImageQant\data\generated\images\rec_2862.png,0
3409,E:\ImageQant\data\generated\images\rec_3409.png,0
3156,E:\ImageQant\data\generated\images\rec_3156.png,0
3698,E:\ImageQant\data\generated\images\rec_3698.png,0
4293,E:\ImageQant\data\generated\images\rec_4293.png,1
2247,E:\ImageQant\data\generated\images\rec_2247.png,0
339,E:\ImageQant\data\generated\images\rec_339.png,0
1424,E:\ImageQant\data\generated\images\rec_1424.png,0
637,E:\ImageQant\data\generated\images\rec_637.png,0
811,E:\ImageQant\data\generated\images\rec_811.png,0
1933,E:\ImageQant\data\generated\images\rec_1933.png,0
4371,E:\ImageQant\data\generated\images\rec_4371.png,0
821,E:\ImageQant\data\generated\images\rec_821.png,0
2324,E:\ImageQant\data\generated\images\rec_2324.png,0
2846,E:\ImageQant\data\generated\images\rec_2846.png,1
519,E:\ImageQant\data\generated\images\rec_519.png,1
679,E:\ImageQant\data\generated\images\rec_679.png,0
3057,E:\ImageQant\data\generated\images\rec_3057.png,1
2076,E:\ImageQant\data\generated\images\rec_2076.png,0
2457,E:\ImageQant\data\generated\images\rec_2457.png,0
4144,E:\ImageQant\data\generated\images\rec_4144.png,0
2409,E:\ImageQant\data\generated\images\rec_2409.png,1
4002,E:\ImageQant\data\generated\images\rec_4002.png,0
1811,E:\ImageQant\data\generated\images\rec_1811.png,0
2767,E:\ImageQant\data\generated\images\rec_2767.png,1
3598,E:\ImageQant\data\generated\images\rec_3598.png,0
2557,E:\ImageQant\data\generated\images\rec_2557.png,0
1046,E:\ImageQant\data\generated\images\rec_1046.png,1
3441,E:\ImageQant\data\generated\images\rec_3441.png,0
2309,E:\ImageQant\data\generated\images\rec_2309.png,0
2863,E:\ImageQant\data\generated\images\rec_2863.png,0
3669,E:\ImageQant\data\generated\images\rec_3669.png,0
3956,E:\ImageQant\data\generated\images\rec_3956.png,0
1797,E:\ImageQant\data\generated\images\rec_1797.png,1
1212,E:\ImageQant\data\generated\images\rec_1212.png,0
424,E:\ImageQant\data\generated\images\rec_424.png,0
778,E:\ImageQant\data\generated\images\rec_778.png,0
3036,E:\ImageQant\data\generated\images\rec_3036.png,1
3603,E:\ImageQant\data\generated\images\rec_3603.png,0
1667,E:\ImageQant\data\generated\images\rec_1667.png,0
3817,E:\ImageQant\data\generated\images\rec_3817.png,0
2305,E:\ImageQant\data\generated\images\rec_2305.png,0
3122,E:\ImageQant\data\generated\images\rec_3122.png,0
913,E:\ImageQant\data\generated\images\rec_913.png,0
653,E:\ImageQant\data\generated\images\rec_653.png,0
75,E:\ImageQant\data\generated\images\rec_75.png,1
4342,E:\ImageQant\data\generated\images\rec_4342.png,1
4316,E:\ImageQant\data\generated\images\rec_4316.png,0
3648,E:\ImageQant\data\generated\images\rec_3648.png,0
435,E:\ImageQant\data\generated\images\rec_435.png,0
34,E:\ImageQant\data\generated\images\rec_34.png,0
2182,E:\ImageQant\data\generated\images\rec_2182.png,0
1531,E:\ImageQant\data\generated\images\rec_1531.png,0
2963,E:\ImageQant\data\generated\images\rec_2963.png,0
3616,E:\ImageQant\data\generated\images\rec_3616.png,0
551,E:\ImageQant\data\generated\images\rec_551.png,1
3825,E:\ImageQant\data\generated\images\rec_3825.png,1
765,E:\ImageQant\data\generated\images\rec_765.png,0
950,E:\ImageQant\data\generated\images\rec_950.png,0
2258,E:\ImageQant\data\generated\images\rec_2258.png,1
570,E:\ImageQant\data\generated\images\rec_570.png,0
3721,E:\ImageQant\data\generated\images\rec_3721.png,1
3697,E:\ImageQant\data\generated\images\rec_3697.png,0
3044,E:\ImageQant\data\generated\images\rec_3044.png,0
2397,E:\ImageQant\data\generated\images\rec_2397.png,0
3615,E:\ImageQant\data\generated\images\rec_3615.png,1
628,E:\ImageQant\data\generated\images\rec_628.png,0
4131,E:\ImageQant\data\generated\images\rec_4131.png,0
3396,E:\ImageQant\data\generated\images\rec_3396.png,0
1753,E:\ImageQant\data\generated\images\rec_1753.png,0
2646,E:\ImageQant\data\generated\images\rec_2646.png,0
2795,E:\ImageQant\data\generated\images\rec_2795.png,0
29,E:\ImageQant\data\generated\images\rec_29.png,0
3715,E:\ImageQant\data\generated\images\rec_3715.png,0
2391,E:\ImageQant\data\generated\images\rec_2391.png,1
3140,E:\ImageQant\data\generated\images\rec_3140.png,0
436,E:\ImageQant\data\generated\images\rec_436.png,0
799,E:\ImageQant\data\generated\images\rec_799.png,0
476,E:\ImageQant\data\generated\images\rec_476.png,1
3257,E:\ImageQant\data\generated\images\rec_3257.png,0
518,E:\ImageQant\data\generated\images\rec_518.png,1
2029,E:\ImageQant\data\generated\images\rec_2029.png,0
613,E:\ImageQant\data\generated\images\rec_613.png,0
214,E:\ImageQant\data\generated\images\rec_214.png,0
2376,E:\ImageQant\data\generated\images\rec_2376.png,0
3130,E:\ImageQant\data\generated\images\rec_3130.png,0
1691,E:\ImageQant\data\generated\images\rec_1691.png,1
3840,E:\ImageQant\data\generated\images\rec_3840.png,0
718,E:\ImageQant\data\generated\images\rec_718.png,0
3253,E:\ImageQant\data\generated\images\rec_3253.png,1
4313,E:\ImageQant\data\generated\images\rec_4313.png,0
2128,E:\ImageQant\data\generated\images\rec_2128.png,1
3009,E:\ImageQant\data\generated\images\rec_3009.png,0
3876,E:\ImageQant\data\generated\images\rec_3876.png,1
2677,E:\ImageQant\data\generated\images\rec_2677.png,0
1446,E:\ImageQant\data\generated\images\rec_1446.png,1
3335,E:\ImageQant\data\generated\images\rec_3335.png,0
737,E:\ImageQant\data\generated\images\rec_737.png,1
2925,E:\ImageQant\data\generated\images\rec_2925.png,0
1525,E:\ImageQant\data\generated\images\rec_1525.png,0
4273,E:\ImageQant\data\generated\images\rec_4273.png,0
3028,E:\ImageQant\data\generated\images\rec_3028.png,0
2188,E:\ImageQant\data\generated\images\rec_2188.png,0
2878,E:\ImageQant\data\generated\images\rec_2878.png,1
1025,E:\ImageQant\data\generated\images\rec_1025.png,1
1396,E:\ImageQant\data\generated\images\rec_1396.png,0
3846,E:\ImageQant\data\generated\images\rec_3846.png,1
2747,E:\ImageQant\data\generated\images\rec_2747.png,1
1435,E:\ImageQant\data\generated\images\rec_1435.png,1
3631,E:\ImageQant\data\generated\images\rec_3631.png,1
733,E:\ImageQant\data\generated\images\rec_733.png,0
2225,E:\ImageQant\data\generated\images\rec_2225.png,1
2375,E:\ImageQant\data\generated\images\rec_2375.png,1
1298,E:\ImageQant\data\generated\images\rec_1298.png,0
4228,E:\ImageQant\data\generated\images\rec_4228.png,0
2666,E:\ImageQant\data\generated\images\rec_2666.png,0
2877,E:\ImageQant\data\generated\images\rec_2877.png,0
4360,E:\ImageQant\data\generated\images\rec_4360.png,0
2937,E:\ImageQant\data\generated\images\rec_2937.png,1
4064,E:\ImageQant\data\generated\images\rec_4064.png,0
2536,E:\ImageQant\data\generated\images\rec_2536.png,0
1478,E:\ImageQant\data\generated\images\rec_1478.png,1
1428,E:\ImageQant\data\generated\images\rec_1428.png,0
1662,E:\ImageQant\data\generated\images\rec_1662.png,0
1773,E:\ImageQant\data\generated\images\rec_1773.png,0
1787,E:\ImageQant\data\generated\images\rec_1787.png,0
2819,E:\ImageQant\data\generated\images\rec_2819.png,0
3270,E:\ImageQant\data\generated\images\rec_3270.png,1
4204,E:\ImageQant\data\generated\images\rec_4204.png,1
2086,E:\ImageQant\data\generated\images\rec_2086.png,1
4200,E:\ImageQant\data\generated\images\rec_4200.png,0
1834,E:\ImageQant\data\generated\images\rec_1834.png,0
3353,E:\ImageQant\data\generated\images\rec_3353.png,0
1067,E:\ImageQant\data\generated\images\rec_1067.png,0
4401,E:\ImageQant\data\generated\images\rec_4401.png,1
3921,E:\ImageQant\data\generated\images\rec_3921.png,0
615,E:\ImageQant\data\generated\images\rec_615.png,0
1028,E:\ImageQant\data\generated\images\rec_1028.png,0
657,E:\ImageQant\data\generated\images\rec_657.png,0
731,E:\ImageQant\data\generated\images\rec_731.png,0
3767,E:\ImageQant\data\generated\images\rec_3767.png,1
3984,E:\ImageQant\data\generated\images\rec_3984.png,1
3585,E:\ImageQant\data\generated\images\rec_3585.png,1
3617,E:\ImageQant\data\generated\images\rec_3617.png,1
120,E:\ImageQant\data\generated\images\rec_120.png,1
959,E:\ImageQant\data\generated\images\rec_959.png,1
2135,E:\ImageQant\data\generated\images\rec_2135.png,1
3296,E:\ImageQant\data\generated\images\rec_3296.png,0
3495,E:\ImageQant\data\generated\images\rec_3495.png,0
3907,E:\ImageQant\data\generated\images\rec_3907.png,0
2296,E:\ImageQant\data\generated\images\rec_2296.png,1
851,E:\ImageQant\data\generated\images\rec_851.png,0
4321,E:\ImageQant\data\generated\images\rec_4321.png,0
2547,E:\ImageQant\data\generated\images\rec_2547.png,0
557,E:\ImageQant\data\generated\images\rec_557.png,0
112,E:\ImageQant\data\generated\images\rec_112.png,0
459,E:\ImageQant\data\generated\images\rec_459.png,0
3139,E:\ImageQant\data\generated\images\rec_3139.png,0
368,E:\ImageQant\data\generated\images\rec_368.png,0
4277,E:\ImageQant\data\generated\images\rec_4277.png,1
3834,E:\ImageQant\data\generated\images\rec_3834.png,0
2390,E:\ImageQant\data\generated\images\rec_2390.png,1
3427,E:\ImageQant\data\generated\images\rec_3427.png,0
3131,E:\ImageQant\data\generated\images\rec_3131.png,0
392,E:\ImageQant\data\generated\images\rec_392.png,1
1231,E:\ImageQant\data\generated\images\rec_1231.png,0
3458,E:\ImageQant\data\generated\images\rec_3458.png,0
3266,E:\ImageQant\data\generated\images\rec_3266.png,0
944,E:\ImageQant\data\generated\images\rec_944.png,0
170,E:\ImageQant\data\generated\images\rec_170.png,0
3894,E:\ImageQant\data\generated\images\rec_3894.png,0
2824,E:\ImageQant\data\generated\images\rec_2824.png,0
796,E:\ImageQant\data\generated\images\rec_796.png,0
1198,E:\ImageQant\data\generated\images\rec_1198.png,0
1864,E:\ImageQant\data\generated\images\rec_1864.png,1
2051,E:\ImageQant\data\generated\images\rec_2051.png,0
3302,E:\ImageQant\data\generated\images\rec_3302.png,0
316,E:\ImageQant\data\generated\images\rec_316.png,0
2692,E:\ImageQant\data\generated\images\rec_2692.png,0
3618,E:\ImageQant\data\generated\images\rec_3618.png,0
3181,E:\ImageQant\data\generated\images\rec_3181.png,1
3906,E:\ImageQant\data\generated\images\rec_3906.png,0
3549,E:\ImageQant\data\generated\images\rec_3549.png,0
948,E:\ImageQant\data\generated\images\rec_948.png,0
1269,E:\ImageQant\data\generated\images\rec_1269.png,1
3743,E:\ImageQant\data\generated\images\rec_3743.png,0
2429,E:\ImageQant\data\generated\images\rec_2429.png,1
2055,E:\ImageQant\data\generated\images\rec_2055.png,0
862,E:\ImageQant\data\generated\images\rec_862.png,1
2215,E:\ImageQant\data\generated\images\rec_2215.png,0
216,E:\ImageQant\data\generated\images\rec_216.png,0
2329,E:\ImageQant\data\generated\images\rec_2329.png,1
1203,E:\ImageQant\data\generated\images\rec_1203.png,0
1489,E:\ImageQant\data\generated\images\rec_1489.png,0
2687,E:\ImageQant\data\generated\images\rec_2687.png,1
2491,E:\ImageQant\data\generated\images\rec_2491.png,0
602,E:\ImageQant\data\generated\images\rec_602.png,0
2010,E:\ImageQant\data\generated\images\rec_2010.png,0
2886,E:\ImageQant\data\generated\images\rec_2886.png,0
183,E:\ImageQant\data\generated\images\rec_183.png,1
1443,E:\ImageQant\data\generated\images\rec_1443.png,1
2725,E:\ImageQant\data\generated\images\rec_2725.png,0
3860,E:\ImageQant\data\generated\images\rec_3860.png,1
2527,E:\ImageQant\data\generated\images\rec_2527.png,0
3175,E:\ImageQant\data\generated\images\rec_3175.png,1
4178,E:\ImageQant\data\generated\images\rec_4178.png,0
2507,E:\ImageQant\data\generated\images\rec_2507.png,0
4404,E:\ImageQant\data\generated\images\rec_4404.png,1
3374,E:\ImageQant\data\generated\images\rec_3374.png,0
2994,E:\ImageQant\data\generated\images\rec_2994.png,0
1559,E:\ImageQant\data\generated\images\rec_1559.png,0
1830,E:\ImageQant\data\generated\images\rec_1830.png,1
1661,E:\ImageQant\data\generated\images\rec_1661.png,0
55,E:\ImageQant\data\generated\images\rec_55.png,0
4015,E:\ImageQant\data\generated\images\rec_4015.png,1
2162,E:\ImageQant\data\generated\images\rec_2162.png,1
2955,E:\ImageQant\data\generated\images\rec_2955.png,0
3684,E:\ImageQant\data\generated\images\rec_3684.png,1
3132,E:\ImageQant\data\generated\images\rec_3132.png,0
1668,E:\ImageQant\data\generated\images\rec_1668.png,1
3468,E:\ImageQant\data\generated\images\rec_3468.png,0
3950,E:\ImageQant\data\generated\images\rec_3950.png,1
2260,E:\ImageQant\data\generated\images\rec_2260.png,0
2936,E:\ImageQant\data\generated\images\rec_2936.png,1
745,E:\ImageQant\data\generated\images\rec_745.png,1
3629,E:\ImageQant\data\generated\images\rec_3629.png,0
1373,E:\ImageQant\data\generated\images\rec_1373.png,0
3537,E:\ImageQant\data\generated\images\rec_3537.png,1
2720,E:\ImageQant\data\generated\images\rec_2720.png,0
2034,E:\ImageQant\data\generated\images\rec_2034.png,0
2983,E:\ImageQant\data\generated\images\rec_2983.png,0
1734,E:\ImageQant\data\generated\images\rec_1734.png,1
1297,E:\ImageQant\data\generated\images\rec_1297.png,1
2573,E:\ImageQant\data\generated\images\rec_2573.png,0
26,E:\ImageQant\data\generated\images\rec_26.png,0
4243,E:\ImageQant\data\generated\images\rec_4243.png,0
1035,E:\ImageQant\data\generated\images\rec_1035.png,0
1983,E:\ImageQant\data\generated\images\rec_1983.png,0
2445,E:\ImageQant\data\generated\images\rec_2445.png,0
3419,E:\ImageQant\data\generated\images\rec_3419.png,0
1391,E:\ImageQant\data\generated\images\rec_1391.png,0
3163,E:\ImageQant\data\generated\images\rec_3163.png,0
2753,E:\ImageQant\data\generated\images\rec_2753.png,0
2415,E:\ImageQant\data\generated\images\rec_2415.png,1
674,E:\ImageQant\data\generated\images\rec_674.png,0
490,E:\ImageQant\data\generated\images\rec_490.png,0
3378,E:\ImageQant\data\generated\images\rec_3378.png,0
2368,E:\ImageQant\data\generated\images\rec_2368.png,0
2864,E:\ImageQant\data\generated\images\rec_2864.png,1
4343,E:\ImageQant\data\generated\images\rec_4343.png,0
3391,E:\ImageQant\data\generated\images\rec_3391.png,0
1418,E:\ImageQant\data\generated\images\rec_1418.png,0
514,E:\ImageQant\data\generated\images\rec_514.png,1
381,E:\ImageQant\data\generated\images\rec_381.png,0
3839,E:\ImageQant\data\generated\images\rec_3839.png,1
2109,E:\ImageQant\data\generated\images\rec_2109.png,0
554,E:\ImageQant\data\generated\images\rec_554.png,1
3053,E:\ImageQant\data\generated\images\rec_3053.png,1
370,E:\ImageQant\data\generated\images\rec_370.png,0
951,E:\ImageQant\data\generated\images\rec_951.png,1
3898,E:\ImageQant\data\generated\images\rec_3898.png,0
2600,E:\ImageQant\data\generated\images\rec_2600.png,1
4024,E:\ImageQant\data\generated\images\rec_4024.png,0
735,E:\ImageQant\data\generated\images\rec_735.png,0
2953,E:\ImageQant\data\generated\images\rec_2953.png,1
1134,E:\ImageQant\data\generated\images\rec_1134.png,1
1264,E:\ImageQant\data\generated\images\rec_1264.png,0
1441,E:\ImageQant\data\generated\images\rec_1441.png,0
95,E:\ImageQant\data\generated\images\rec_95.png,0
3418,E:\ImageQant\data\generated\images\rec_3418.png,0
3695,E:\ImageQant\data\generated\images\rec_3695.png,1
4203,E:\ImageQant\data\generated\images\rec_4203.png,0
146,E:\ImageQant\data\generated\images\rec_146.png,1
812,E:\ImageQant\data\generated\images\rec_812.png,0
2311,E:\ImageQant\data\generated\images\rec_2311.png,0
3477,E:\ImageQant\data\generated\images\rec_3477.png,1
4196,E:\ImageQant\data\generated\images\rec_4196.png,0
2642,E:\ImageQant\data\generated\images\rec_2642.png,1
2927,E:\ImageQant\data\generated\images\rec_2927.png,0
3255,E:\ImageQant\data\generated\images\rec_3255.png,0
2717,E:\ImageQant\data\generated\images\rec_2717.png,0
3217,E:\ImageQant\data\generated\images\rec_3217.png,0
1343,E:\ImageQant\data\generated\images\rec_1343.png,0
3416,E:\ImageQant\data\generated\images\rec_3416.png,0
2053,E:\ImageQant\data\generated\images\rec_2053.png,0
1042,E:\ImageQant\data\generated\images\rec_1042.png,0
1894,E:\ImageQant\data\generated\images\rec_1894.png,0
1776,E:\ImageQant\data\generated\images\rec_1776.png,0
2828,E:\ImageQant\data\generated\images\rec_2828.png,0
1151,E:\ImageQant\data\generated\images\rec_1151.png,1
2971,E:\ImageQant\data\generated\images\rec_2971.png,1
2832,E:\ImageQant\data\generated\images\rec_2832.png,0
3521,E:\ImageQant\data\generated\images\rec_3521.png,1
1177,E:\ImageQant\data\generated\images\rec_1177.png,0
4315,E:\ImageQant\data\generated\images\rec_4315.png,1
964,E:\ImageQant\data\generated\images\rec_964.png,0
344,E:\ImageQant\data\generated\images\rec_344.png,0
1723,E:\ImageQant\data\generated\images\rec_1723.png,0
298,E:\ImageQant\data\generated\images\rec_298.png,0
3720,E:\ImageQant\data\generated\images\rec_3720.png,0
2208,E:\ImageQant\data\generated\images\rec_2208.png,0
546,E:\ImageQant\data\generated\images\rec_546.png,0
3870,E:\ImageQant\data\generated\images\rec_3870.png,0
4417,E:\ImageQant\data\generated\images\rec_4417.png,0
3478,E:\ImageQant\data\generated\images\rec_3478.png,0
1924,E:\ImageQant\data\generated\images\rec_1924.png,1
2136,E:\ImageQant\data\generated\images\rec_2136.png,0
1259,E:\ImageQant\data\generated\images\rec_1259.png,0
3315,E:\ImageQant\data\generated\images\rec_3315.png,0
2191,E:\ImageQant\data\generated\images\rec_2191.png,1
1844,E:\ImageQant\data\generated\images\rec_1844.png,0
4364,E:\ImageQant\data\generated\images\rec_4364.png,0
2505,E:\ImageQant\data\generated\images\rec_2505.png,0
349,E:\ImageQant\data\generated\images\rec_349.png,0
3903,E:\ImageQant\data\generated\images\rec_3903.png,1
3164,E:\ImageQant\data\generated\images\rec_3164.png,0
299,E:\ImageQant\data\generated\images\rec_299.png,0
3972,E:\ImageQant\data\generated\images\rec_3972.png,0
633,E:\ImageQant\data\generated\images\rec_633.png,0
499,E:\ImageQant\data\generated\images\rec_499.png,0
1137,E:\ImageQant\data\generated\images\rec_1137.png,1
144,E:\ImageQant\data\generated\images\rec_144.png,0
3443,E:\ImageQant\data\generated\images\rec_3443.png,0
1482,E:\ImageQant\data\generated\images\rec_1482.png,0
2361,E:\ImageQant\data\generated\images\rec_2361.png,1
1887,E:\ImageQant\data\generated\images\rec_1887.png,1
1812,E:\ImageQant\data\generated\images\rec_1812.png,1
10,E:\ImageQant\data\generated\images\rec_10.png,0
624,E:\ImageQant\data\generated\images\rec_624.png,1
212,E:\ImageQant\data\generated\images\rec_212.png,0
2301,E:\ImageQant\data\generated\images\rec_2301.png,0
249,E:\ImageQant\data\generated\images\rec_249.png,0
2502,E:\ImageQant\data\generated\images\rec_2502.png,0
1973,E:\ImageQant\data\generated\images\rec_1973.png,0
1475,E:\ImageQant\data\generated\images\rec_1475.png,0
3202,E:\ImageQant\data\generated\images\rec_3202.png,0
2194,E:\ImageQant\data\generated\images\rec_2194.png,0
3595,E:\ImageQant\data\generated\images\rec_3595.png,1
3976,E:\ImageQant\data\generated\images\rec_3976.png,0
152,E:\ImageQant\data\generated\images\rec_152.png,0
1432,E:\ImageQant\data\generated\images\rec_1432.png,0
2870,E:\ImageQant\data\generated\images\rec_2870.png,0
1861,E:\ImageQant\data\generated\images\rec_1861.png,0
547,E:\ImageQant\data\generated\images\rec_547.png,0
1133,E:\ImageQant\data\generated\images\rec_1133.png,0
1401,E:\ImageQant\data\generated\images\rec_1401.png,0
984,E:\ImageQant\data\generated\images\rec_984.png,1
2954,E:\ImageQant\data\generated\images\rec_2954.png,0
81,E:\ImageQant\data\generated\images\rec_81.png,1
4103,E:\ImageQant\data\generated\images\rec_4103.png,0
1442,E:\ImageQant\data\generated\images\rec_1442.png,0
1867,E:\ImageQant\data\generated\images\rec_1867.png,1
1403,E:\ImageQant\data\generated\images\rec_1403.png,0
1431,E:\ImageQant\data\generated\images\rec_1431.png,1
4134,E:\ImageQant\data\generated\images\rec_4134.png,0
3381,E:\ImageQant\data\generated\images\rec_3381.png,1
428,E:\ImageQant\data\generated\images\rec_428.png,1
3439,E:\ImageQant\data\generated\images\rec_3439.png,1
1804,E:\ImageQant\data\generated\images\rec_1804.png,1
3542,E:\ImageQant\data\generated\images\rec_3542.png,0
2537,E:\ImageQant\data\generated\images\rec_2537.png,0
1392,E:\ImageQant\data\generated\images\rec_1392.png,1
3927,E:\ImageQant\data\generated\images\rec_3927.png,1
2814,E:\ImageQant\data\generated\images\rec_2814.png,0
1104,E:\ImageQant\data\generated\images\rec_1104.png,0
3191,E:\ImageQant\data\generated\images\rec_3191.png,1
3527,E:\ImageQant\data\generated\images\rec_3527.png,1
569,E:\ImageQant\data\generated\images\rec_569.png,0
3719,E:\ImageQant\data\generated\images\rec_3719.png,1
2928,E:\ImageQant\data\generated\images\rec_2928.png,1
2460,E:\ImageQant\data\generated\images\rec_2460.png,1
2216,E:\ImageQant\data\generated\images\rec_2216.png,0
2141,E:\ImageQant\data\generated\images\rec_2141.png,0
3989,E:\ImageQant\data\generated\images\rec_3989.png,0
2063,E:\ImageQant\data\generated\images\rec_2063.png,0
3193,E:\ImageQant\data\generated\images\rec_3193.png,1
1400,E:\ImageQant\data\generated\images\rec_1400.png,0
4013,E:\ImageQant\data\generated\images\rec_4013.png,0
4339,E:\ImageQant\data\generated\images\rec_4339.png,0
1026,E:\ImageQant\data\generated\images\rec_1026.png,0
3286,E:\ImageQant\data\generated\images\rec_3286.png,1
4236,E:\ImageQant\data\generated\images\rec_4236.png,0
1318,E:\ImageQant\data\generated\images\rec_1318.png,1
1870,E:\ImageQant\data\generated\images\rec_1870.png,1
3308,E:\ImageQant\data\generated\images\rec_3308.png,0
3843,E:\ImageQant\data\generated\images\rec_3843.png,1
4285,E:\ImageQant\data\generated\images\rec_4285.png,0
612,E:\ImageQant\data\generated\images\rec_612.png,0
407,E:\ImageQant\data\generated\images\rec_407.png,0
899,E:\ImageQant\data\generated\images\rec_899.png,0
2844,E:\ImageQant\data\generated\images\rec_2844.png,0
3112,E:\ImageQant\data\generated\images\rec_3112.png,1
2915,E:\ImageQant\data\generated\images\rec_2915.png,0
3849,E:\ImageQant\data\generated\images\rec_3849.png,0
3359,E:\ImageQant\data\generated\images\rec_3359.png,0
1584,E:\ImageQant\data\generated\images\rec_1584.png,0
1449,E:\ImageQant\data\generated\images\rec_1449.png,0
4084,E:\ImageQant\data\generated\images\rec_4084.png,1
3421,E:\ImageQant\data\generated\images\rec_3421.png,1
1372,E:\ImageQant\data\generated\images\rec_1372.png,0
3085,E:\ImageQant\data\generated\images\rec_3085.png,0
2797,E:\ImageQant\data\generated\images\rec_2797.png,0
2473,E:\ImageQant\data\generated\images\rec_2473.png,1
2123,E:\ImageQant\data\generated\images\rec_2123.png,1
1767,E:\ImageQant\data\generated\images\rec_1767.png,0
297,E:\ImageQant\data\generated\images\rec_297.png,0
2438,E:\ImageQant\data\generated\images\rec_2438.png,1
2644,E:\ImageQant\data\generated\images\rec_2644.png,0
265,E:\ImageQant\data\generated\images\rec_265.png,0
2577,E:\ImageQant\data\generated\images\rec_2577.png,1
3493,E:\ImageQant\data\generated\images\rec_3493.png,1
2884,E:\ImageQant\data\generated\images\rec_2884.png,0
1187,E:\ImageQant\data\generated\images\rec_1187.png,1
1266,E:\ImageQant\data\generated\images\rec_1266.png,0
1942,E:\ImageQant\data\generated\images\rec_1942.png,0
1499,E:\ImageQant\data\generated\images\rec_1499.png,0
2836,E:\ImageQant\data\generated\images\rec_2836.png,1
1999,E:\ImageQant\data\generated\images\rec_1999.png,0
3398,E:\ImageQant\data\generated\images\rec_3398.png,0
324,E:\ImageQant\data\generated\images\rec_324.png,0
243,E:\ImageQant\data\generated\images\rec_243.png,1
1117,E:\ImageQant\data\generated\images\rec_1117.png,0
342,E:\ImageQant\data\generated\images\rec_342.png,0
920,E:\ImageQant\data\generated\images\rec_920.png,0
361,E:\ImageQant\data\generated\images\rec_361.png,1
1136,E:\ImageQant\data\generated\images\rec_1136.png,0
1378,E:\ImageQant\data\generated\images\rec_1378.png,1
4071,E:\ImageQant\data\generated\images\rec_4071.png,1
3221,E:\ImageQant\data\generated\images\rec_3221.png,1
3071,E:\ImageQant\data\generated\images\rec_3071.png,1
1680,E:\ImageQant\data\generated\images\rec_1680.png,0
1033,E:\ImageQant\data\generated\images\rec_1033.png,0
2073,E:\ImageQant\data\generated\images\rec_2073.png,0
2704,E:\ImageQant\data\generated\images\rec_2704.png,0
1557,E:\ImageQant\data\generated\images\rec_1557.png,0
156,E:\ImageQant\data\generated\images\rec_156.png,0
1457,E:\ImageQant\data\generated\images\rec_1457.png,0
777,E:\ImageQant\data\generated\images\rec_777.png,1
2370,E:\ImageQant\data\generated\images\rec_2370.png,0
88,E:\ImageQant\data\generated\images\rec_88.png,0
1495,E:\ImageQant\data\generated\images\rec_1495.png,0
175,E:\ImageQant\data\generated\images\rec_175.png,0
2099,E:\ImageQant\data\generated\images\rec_2099.png,1
139,E:\ImageQant\data\generated\images\rec_139.png,0
2968,E:\ImageQant\data\generated\images\rec_2968.png,0
3314,E:\ImageQant\data\generated\images\rec_3314.png,1
568,E:\ImageQant\data\generated\images\rec_568.png,0
254,E:\ImageQant\data\generated\images\rec_254.png,0
1744,E:\ImageQant\data\generated\images\rec_1744.png,1
859,E:\ImageQant\data\generated\images\rec_859.png,1
3337,E:\ImageQant\data\generated\images\rec_3337.png,1
3231,E:\ImageQant\data\generated\images\rec_3231.png,0
4001,E:\ImageQant\data\generated\images\rec_4001.png,1
2047,E:\ImageQant\data\generated\images\rec_2047.png,1
2095,E:\ImageQant\data\generated\images\rec_2095.png,0
1207,E:\ImageQant\data\generated\images\rec_1207.png,0
2027,E:\ImageQant\data\generated\images\rec_2027.png,0
3704,E:\ImageQant\data\generated\images\rec_3704.png,0
1573,E:\ImageQant\data\generated\images\rec_1573.png,1
2880,E:\ImageQant\data\generated\images\rec_2880.png,0
2714,E:\ImageQant\data\generated\images\rec_2714.png,1
1642,E:\ImageQant\data\generated\images\rec_1642.png,0
2410,E:\ImageQant\data\generated\images\rec_2410.png,1
2866,E:\ImageQant\data\generated\images\rec_2866.png,1
806,E:\ImageQant\data\generated\images\rec_806.png,0
1995,E:\ImageQant\data\generated\images\rec_1995.png,0
2565,E:\ImageQant\data\generated\images\rec_2565.png,0
1561,E:\ImageQant\data\generated\images\rec_1561.png,0
2278,E:\ImageQant\data\generated\images\rec_2278.png,0
3983,E:\ImageQant\data\generated\images\rec_3983.png,0
2078,E:\ImageQant\data\generated\images\rec_2078.png,0
3746,E:\ImageQant\data\generated\images\rec_3746.png,0
2513,E:\ImageQant\data\generated\images\rec_2513.png,0
2017,E:\ImageQant\data\generated\images\rec_2017.png,0
1962,E:\ImageQant\data\generated\images\rec_1962.png,0
581,E:\ImageQant\data\generated\images\rec_581.png,0
682,E:\ImageQant\data\generated\images\rec_682.png,1
1994,E:\ImageQant\data\generated\images\rec_1994.png,1
4036,E:\ImageQant\data\generated\images\rec_4036.png,0
32,E:\ImageQant\data\generated\images\rec_32.png,0
343,E:\ImageQant\data\generated\images\rec_343.png,0
423,E:\ImageQant\data\generated\images\rec_423.png,0
3541,E:\ImageQant\data\generated\images\rec_3541.png,1
2793,E:\ImageQant\data\generated\images\rec_2793.png,0
736,E:\ImageQant\data\generated\images\rec_736.png,0
3726,E:\ImageQant\data\generated\images\rec_3726.png,1
142,E:\ImageQant\data\generated\images\rec_142.png,0
2676,E:\ImageQant\data\generated\images\rec_2676.png,1
454,E:\ImageQant\data\generated\images\rec_454.png,0
1945,E:\ImageQant\data\generated\images\rec_1945.png,0
288,E:\ImageQant\data\generated\images\rec_288.png,0
1053,E:\ImageQant\data\generated\images\rec_1053.png,0
492,E:\ImageQant\data\generated\images\rec_492.png,0
4350,E:\ImageQant\data\generated\images\rec_4350.png,0
1191,E:\ImageQant\data\generated\images\rec_1191.png,0
2040,E:\ImageQant\data\generated\images\rec_2040.png,1
2820,E:\ImageQant\data\generated\images\rec_2820.png,0
371,E:\ImageQant\data\generated\images\rec_371.png,0
1934,E:\ImageQant\data\generated\images\rec_1934.png,0
3764,E:\ImageQant\data\generated\images\rec_3764.png,0
1476,E:\ImageQant\data\generated\images\rec_1476.png,1
2894,E:\ImageQant\data\generated\images\rec_2894.png,0
1287,E:\ImageQant\data\generated\images\rec_1287.png,0
1350,E:\ImageQant\data\generated\images\rec_1350.png,0
4129,E:\ImageQant\data\generated\images\rec_4129.png,0
2643,E:\ImageQant\data\generated\images\rec_2643.png,1
645,E:\ImageQant\data\generated\images\rec_645.png,0
3392,E:\ImageQant\data\generated\images\rec_3392.png,0
3751,E:\ImageQant\data\generated\images\rec_3751.png,0
3564,E:\ImageQant\data\generated\images\rec_3564.png,1
3290,E:\ImageQant\data\generated\images\rec_3290.png,1
2075,E:\ImageQant\data\generated\images\rec_2075.png,0
1943,E:\ImageQant\data\generated\images\rec_1943.png,0
113,E:\ImageQant\data\generated\images\rec_113.png,0
3147,E:\ImageQant\data\generated\images\rec_3147.png,0
1616,E:\ImageQant\data\generated\images\rec_1616.png,0
3851,E:\ImageQant\data\generated\images\rec_3851.png,1
2196,E:\ImageQant\data\generated\images\rec_2196.png,0
3023,E:\ImageQant\data\generated\images\rec_3023.png,0
2358,E:\ImageQant\data\generated\images\rec_2358.png,0
23,E:\ImageQant\data\generated\images\rec_23.png,0
3092,E:\ImageQant\data\generated\images\rec_3092.png,0
1764,E:\ImageQant\data\generated\images\rec_1764.png,0
2506,E:\ImageQant\data\generated\images\rec_2506.png,0
3888,E:\ImageQant\data\generated\images\rec_3888.png,0
2914,E:\ImageQant\data\generated\images\rec_2914.png,1
1590,E:\ImageQant\data\generated\images\rec_1590.png,1
3512,E:\ImageQant\data\generated\images\rec_3512.png,1
491,E:\ImageQant\data\generated\images\rec_491.png,0
3818,E:\ImageQant\data\generated\images\rec_3818.png,1
3706,E:\ImageQant\data\generated\images\rec_3706.png,0
3083,E:\ImageQant\data\generated\images\rec_3083.png,1
206,E:\ImageQant\data\generated\images\rec_206.png,0
3809,E:\ImageQant\data\generated\images\rec_3809.png,1
1242,E:\ImageQant\data\generated\images\rec_1242.png,0
609,E:\ImageQant\data\generated\images\rec_609.png,0
2116,E:\ImageQant\data\generated\images\rec_2116.png,0
181,E:\ImageQant\data\generated\images\rec_181.png,0
4309,E:\ImageQant\data\generated\images\rec_4309.png,0
882,E:\ImageQant\data\generated\images\rec_882.png,1
791,E:\ImageQant\data\generated\images\rec_791.png,1
3679,E:\ImageQant\data\generated\images\rec_3679.png,0
4374,E:\ImageQant\data\generated\images\rec_4374.png,0
707,E:\ImageQant\data\generated\images\rec_707.png,0
908,E:\ImageQant\data\generated\images\rec_908.png,0
3039,E:\ImageQant\data\generated\images\rec_3039.png,1
4197,E:\ImageQant\data\generated\images\rec_4197.png,0
798,E:\ImageQant\data\generated\images\rec_798.png,0
2242,E:\ImageQant\data\generated\images\rec_2242.png,0
1124,E:\ImageQant\data\generated\images\rec_1124.png,0
3375,E:\ImageQant\data\generated\images\rec_3375.png,0
2386,E:\ImageQant\data\generated\images\rec_2386.png,0
2253,E:\ImageQant\data\generated\images\rec_2253.png,1
4006,E:\ImageQant\data\generated\images\rec_4006.png,0
1939,E:\ImageQant\data\generated\images\rec_1939.png,0
1083,E:\ImageQant\data\generated\images\rec_1083.png,0
3182,E:\ImageQant\data\generated\images\rec_3182.png,0
2482,E:\ImageQant\data\generated\images\rec_2482.png,0
385,E:\ImageQant\data\generated\images\rec_385.png,0
2494,E:\ImageQant\data\generated\images\rec_2494.png,0
3910,E:\ImageQant\data\generated\images\rec_3910.png,0
961,E:\ImageQant\data\generated\images\rec_961.png,0
2074,E:\ImageQant\data\generated\images\rec_2074.png,0
2619,E:\ImageQant\data\generated\images\rec_2619.png,0
665,E:\ImageQant\data\generated\images\rec_665.png,0
1838,E:\ImageQant\data\generated\images\rec_1838.png,0
1678,E:\ImageQant\data\generated\images\rec_1678.png,0
1000,E:\ImageQant\data\generated\images\rec_1000.png,1
3123,E:\ImageQant\data\generated\images\rec_3123.png,0
3329,E:\ImageQant\data\generated\images\rec_3329.png,0
2865,E:\ImageQant\data\generated\images\rec_2865.png,0
3000,E:\ImageQant\data\generated\images\rec_3000.png,0
395,E:\ImageQant\data\generated\images\rec_395.png,0
2823,E:\ImageQant\data\generated\images\rec_2823.png,0
502,E:\ImageQant\data\generated\images\rec_502.png,0
3114,E:\ImageQant\data\generated\images\rec_3114.png,0
2003,E:\ImageQant\data\generated\images\rec_2003.png,1
2342,E:\ImageQant\data\generated\images\rec_2342.png,0
1954,E:\ImageQant\data\generated\images\rec_1954.png,0
3271,E:\ImageQant\data\generated\images\rec_3271.png,0
209,E:\ImageQant\data\generated\images\rec_209.png,1
1185,E:\ImageQant\data\generated\images\rec_1185.png,0
2224,E:\ImageQant\data\generated\images\rec_2224.png,0
3712,E:\ImageQant\data\generated\images\rec_3712.png,1
3793,E:\ImageQant\data\generated\images\rec_3793.png,1
1490,E:\ImageQant\data\generated\images\rec_1490.png,0
2621,E:\ImageQant\data\generated\images\rec_2621.png,0
242,E:\ImageQant\data\generated\images\rec_242.png,0
2816,E:\ImageQant\data\generated\images\rec_2816.png,0
2317,E:\ImageQant\data\generated\images\rec_2317.png,1
3144,E:\ImageQant\data\generated\images\rec_3144.png,0
1693,E:\ImageQant\data\generated\images\rec_1693.png,0
462,E:\ImageQant\data\generated\images\rec_462.png,0
3941,E:\ImageQant\data\generated\images\rec_3941.png,1
694,E:\ImageQant\data\generated\images\rec_694.png,0
3735,E:\ImageQant\data\generated\images\rec_3735.png,0
3438,E:\ImageQant\data\generated\images\rec_3438.png,0
2670,E:\ImageQant\data\generated\images\rec_2670.png,0
1147,E:\ImageQant\data\generated\images\rec_1147.png,0
1836,E:\ImageQant\data\generated\images\rec_1836.png,0
2442,E:\ImageQant\data\generated\images\rec_2442.png,1
2360,E:\ImageQant\data\generated\images\rec_2360.png,0
2945,E:\ImageQant\data\generated\images\rec_2945.png,1
1761,E:\ImageQant\data\generated\images\rec_1761.png,1
580,E:\ImageQant\data\generated\images\rec_580.png,1
1256,E:\ImageQant\data\generated\images\rec_1256.png,0
282,E:\ImageQant\data\generated\images\rec_282.png,0
768,E:\ImageQant\data\generated\images\rec_768.png,0
3734,E:\ImageQant\data\generated\images\rec_3734.png,1
1854,E:\ImageQant\data\generated\images\rec_1854.png,1
4262,E:\ImageQant\data\generated\images\rec_4262.png,0
1877,E:\ImageQant\data\generated\images\rec_1877.png,1
2509,E:\ImageQant\data\generated\images\rec_2509.png,0
2062,E:\ImageQant\data\generated\images\rec_2062.png,0
1451,E:\ImageQant\data\generated\images\rec_1451.png,0
4310,E:\ImageQant\data\generated\images\rec_4310.png,0
130,E:\ImageQant\data\generated\images\rec_130.png,1
1750,E:\ImageQant\data\generated\images\rec_1750.png,0
3627,E:\ImageQant\data\generated\images\rec_3627.png,0
2974,E:\ImageQant\data\generated\images\rec_2974.png,1
523,E:\ImageQant\data\generated\images\rec_523.png,0
937,E:\ImageQant\data\generated\images\rec_937.png,0
614,E:\ImageQant\data\generated\images\rec_614.png,0
2530,E:\ImageQant\data\generated\images\rec_2530.png,0
3895,E:\ImageQant\data\generated\images\rec_3895.png,0
953,E:\ImageQant\data\generated\images\rec_953.png,1
2012,E:\ImageQant\data\generated\images\rec_2012.png,1
2283,E:\ImageQant\data\generated\images\rec_2283.png,0
1991,E:\ImageQant\data\generated\images\rec_1991.png,1
2825,E:\ImageQant\data\generated\images\rec_2825.png,1
21,E:\ImageQant\data\generated\images\rec_21.png,0
4251,E:\ImageQant\data\generated\images\rec_4251.png,1
825,E:\ImageQant\data\generated\images\rec_825.png,0
4186,E:\ImageQant\data\generated\images\rec_4186.png,0
585,E:\ImageQant\data\generated\images\rec_585.png,0
2986,E:\ImageQant\data\generated\images\rec_2986.png,0
217,E:\ImageQant\data\generated\images\rec_217.png,1
973,E:\ImageQant\data\generated\images\rec_973.png,0
3200,E:\ImageQant\data\generated\images\rec_3200.png,1
2898,E:\ImageQant\data\generated\images\rec_2898.png,0
2043,E:\ImageQant\data\generated\images\rec_2043.png,0
719,E:\ImageQant\data\generated\images\rec_719.png,0
979,E:\ImageQant\data\generated\images\rec_979.png,0
3080,E:\ImageQant\data\generated\images\rec_3080.png,0
36,E:\ImageQant\data\generated\images\rec_36.png,1
3214,E:\ImageQant\data\generated\images\rec_3214.png,0
576,E:\ImageQant\data\generated\images\rec_576.png,0
2757,E:\ImageQant\data\generated\images\rec_2757.png,1
3364,E:\ImageQant\data\generated\images\rec_3364.png,1
313,E:\ImageQant\data\generated\images\rec_313.png,0
296,E:\ImageQant\data\generated\images\rec_296.png,0
2839,E:\ImageQant\data\generated\images\rec_2839.png,0
3037,E:\ImageQant\data\generated\images\rec_3037.png,0
2543,E:\ImageQant\data\generated\images\rec_2543.png,1
1626,E:\ImageQant\data\generated\images\rec_1626.png,0
3494,E:\ImageQant\data\generated\images\rec_3494.png,0
591,E:\ImageQant\data\generated\images\rec_591.png,0
1925,E:\ImageQant\data\generated\images\rec_1925.png,0
2739,E:\ImageQant\data\generated\images\rec_2739.png,0
2956,E:\ImageQant\data\generated\images\rec_2956.png,1
2501,E:\ImageQant\data\generated\images\rec_2501.png,0
511,E:\ImageQant\data\generated\images\rec_511.png,1
606,E:\ImageQant\data\generated\images\rec_606.png,1
4327,E:\ImageQant\data\generated\images\rec_4327.png,1
1965,E:\ImageQant\data\generated\images\rec_1965.png,0
3058,E:\ImageQant\data\generated\images\rec_3058.png,0
1433,E:\ImageQant\data\generated\images\rec_1433.png,0
3824,E:\ImageQant\data\generated\images\rec_3824.png,0
2715,E:\ImageQant\data\generated\images\rec_2715.png,0
238,E:\ImageQant\data\generated\images\rec_238.png,1
2143,E:\ImageQant\data\generated\images\rec_2143.png,0
1338,E:\ImageQant\data\generated\images\rec_1338.png,1
4269,E:\ImageQant\data\generated\images\rec_4269.png,0
3174,E:\ImageQant\data\generated\images\rec_3174.png,0
3075,E:\ImageQant\data\generated\images\rec_3075.png,0
3320,E:\ImageQant\data\generated\images\rec_3320.png,0
2758,E:\ImageQant\data\generated\images\rec_2758.png,0
1125,E:\ImageQant\data\generated\images\rec_1125.png,0
632,E:\ImageQant\data\generated\images\rec_632.png,0
4394,E:\ImageQant\data\generated\images\rec_4394.png,0
123,E:\ImageQant\data\generated\images\rec_123.png,0
3928,E:\ImageQant\data\generated\images\rec_3928.png,0
1164,E:\ImageQant\data\generated\images\rec_1164.png,1
1759,E:\ImageQant\data\generated\images\rec_1759.png,0
440,E:\ImageQant\data\generated\images\rec_440.png,0
1004,E:\ImageQant\data\generated\images\rec_1004.png,1
1171,E:\ImageQant\data\generated\images\rec_1171.png,0
3829,E:\ImageQant\data\generated\images\rec_3829.png,1
3658,E:\ImageQant\data\generated\images\rec_3658.png,0
1055,E:\ImageQant\data\generated\images\rec_1055.png,0
1406,E:\ImageQant\data\generated\images\rec_1406.png,0
1808,E:\ImageQant\data\generated\images\rec_1808.png,0
2817,E:\ImageQant\data\generated\images\rec_2817.png,0
2787,E:\ImageQant\data\generated\images\rec_2787.png,0
3041,E:\ImageQant\data\generated\images\rec_3041.png,0
150,E:\ImageQant\data\generated\images\rec_150.png,0
3820,E:\ImageQant\data\generated\images\rec_3820.png,0
1562,E:\ImageQant\data\generated\images\rec_1562.png,0
852,E:\ImageQant\data\generated\images\rec_852.png,0
366,E:\ImageQant\data\generated\images\rec_366.png,0
2686,E:\ImageQant\data\generated\images\rec_2686.png,0
2190,E:\ImageQant\data\generated\images\rec_2190.png,0
2639,E:\ImageQant\data\generated\images\rec_2639.png,0
3248,E:\ImageQant\data\generated\images\rec_3248.png,0
879,E:\ImageQant\data\generated\images\rec_879.png,1
3676,E:\ImageQant\data\generated\images\rec_3676.png,0
1963,E:\ImageQant\data\generated\images\rec_1963.png,0
2131,E:\ImageQant\data\generated\images\rec_2131.png,0
2852,E:\ImageQant\data\generated\images\rec_2852.png,0
1907,E:\ImageQant\data\generated\images\rec_1907.png,0
2584,E:\ImageQant\data\generated\images\rec_2584.png,0
3145,E:\ImageQant\data\generated\images\rec_3145.png,0
2703,E:\ImageQant\data\generated\images\rec_2703.png,1
1292,E:\ImageQant\data\generated\images\rec_1292.png,1
4344,E:\ImageQant\data\generated\images\rec_4344.png,1
3924,E:\ImageQant\data\generated\images\rec_3924.png,0
2041,E:\ImageQant\data\generated\images\rec_2041.png,0
1546,E:\ImageQant\data\generated\images\rec_1546.png,0
3789,E:\ImageQant\data\generated\images\rec_3789.png,1
3563,E:\ImageQant\data\generated\images\rec_3563.png,1
2772,E:\ImageQant\data\generated\images\rec_2772.png,0
1871,E:\ImageQant\data\generated\images\rec_1871.png,1
186,E:\ImageQant\data\generated\images\rec_186.png,0
1098,E:\ImageQant\data\generated\images\rec_1098.png,0
2705,E:\ImageQant\data\generated\images\rec_2705.png,1
1949,E:\ImageQant\data\generated\images\rec_1949.png,0
1783,E:\ImageQant\data\generated\images\rec_1783.png,0
1,E:\ImageQant\data\generated\images\rec_1.png,0
998,E:\ImageQant\data\generated\images\rec_998.png,0
3570,E:\ImageQant\data\generated\images\rec_3570.png,0
550,E:\ImageQant\data\generated\images\rec_550.png,1
3511,E:\ImageQant\data\generated\images\rec_3511.png,0
595,E:\ImageQant\data\generated\images\rec_595.png,1
927,E:\ImageQant\data\generated\images\rec_927.png,0
225,E:\ImageQant\data\generated\images\rec_225.png,0
1450,E:\ImageQant\data\generated\images\rec_1450.png,1
2347,E:\ImageQant\data\generated\images\rec_2347.png,0
2057,E:\ImageQant\data\generated\images\rec_2057.png,0
1655,E:\ImageQant\data\generated\images\rec_1655.png,0
189,E:\ImageQant\data\generated\images\rec_189.png,0
683,E:\ImageQant\data\generated\images\rec_683.png,1
275,E:\ImageQant\data\generated\images\rec_275.png,0
856,E:\ImageQant\data\generated\images\rec_856.png,1
2165,E:\ImageQant\data\generated\images\rec_2165.png,0
3550,E:\ImageQant\data\generated\images\rec_3550.png,0
1931,E:\ImageQant\data\generated\images\rec_1931.png,0
3842,E:\ImageQant\data\generated\images\rec_3842.png,1
2596,E:\ImageQant\data\generated\images\rec_2596.png,1
2899,E:\ImageQant\data\generated\images\rec_2899.png,0
1486,E:\ImageQant\data\generated\images\rec_1486.png,0
172,E:\ImageQant\data\generated\images\rec_172.png,0
1501,E:\ImageQant\data\generated\images\rec_1501.png,1
1342,E:\ImageQant\data\generated\images\rec_1342.png,0
3489,E:\ImageQant\data\generated\images\rec_3489.png,0
3662,E:\ImageQant\data\generated\images\rec_3662.png,0
525,E:\ImageQant\data\generated\images\rec_525.png,1
2665,E:\ImageQant\data\generated\images\rec_2665.png,1
793,E:\ImageQant\data\generated\images\rec_793.png,0
456,E:\ImageQant\data\generated\images\rec_456.png,1
1419,E:\ImageQant\data\generated\images\rec_1419.png,1
3358,E:\ImageQant\data\generated\images\rec_3358.png,1
770,E:\ImageQant\data\generated\images\rec_770.png,0
3225,E:\ImageQant\data\generated\images\rec_3225.png,0
3480,E:\ImageQant\data\generated\images\rec_3480.png,0
2395,E:\ImageQant\data\generated\images\rec_2395.png,0
3445,E:\ImageQant\data\generated\images\rec_3445.png,0
4108,E:\ImageQant\data\generated\images\rec_4108.png,0
1267,E:\ImageQant\data\generated\images\rec_1267.png,0
3790,E:\ImageQant\data\generated\images\rec_3790.png,0
2792,E:\ImageQant\data\generated\images\rec_2792.png,0
2423,E:\ImageQant\data\generated\images\rec_2423.png,1
442,E:\ImageQant\data\generated\images\rec_442.png,0
4068,E:\ImageQant\data\generated\images\rec_4068.png,0
2035,E:\ImageQant\data\generated\images\rec_2035.png,0
1996,E:\ImageQant\data\generated\images\rec_1996.png,0
2667,E:\ImageQant\data\generated\images\rec_2667.png,1
326,E:\ImageQant\data\generated\images\rec_326.png,0
3462,E:\ImageQant\data\generated\images\rec_3462.png,1
1022,E:\ImageQant\data\generated\images\rec_1022.png,0
1674,E:\ImageQant\data\generated\images\rec_1674.png,0
878,E:\ImageQant\data\generated\images\rec_878.png,0
267,E:\ImageQant\data\generated\images\rec_267.png,0
2044,E:\ImageQant\data\generated\images\rec_2044.png,0
1912,E:\ImageQant\data\generated\images\rec_1912.png,0
4029,E:\ImageQant\data\generated\images\rec_4029.png,1
2206,E:\ImageQant\data\generated\images\rec_2206.png,1
3885,E:\ImageQant\data\generated\images\rec_3885.png,0
2140,E:\ImageQant\data\generated\images\rec_2140.png,0
620,E:\ImageQant\data\generated\images\rec_620.png,0
3389,E:\ImageQant\data\generated\images\rec_3389.png,0
2393,E:\ImageQant\data\generated\images\rec_2393.png,1
529,E:\ImageQant\data\generated\images\rec_529.png,1
1082,E:\ImageQant\data\generated\images\rec_1082.png,0
3310,E:\ImageQant\data\generated\images\rec_3310.png,0
71,E:\ImageQant\data\generated\images\rec_71.png,0
1336,E:\ImageQant\data\generated\images\rec_1336.png,0
910,E:\ImageQant\data\generated\images\rec_910.png,0
2319,E:\ImageQant\data\generated\images\rec_2319.png,0
2067,E:\ImageQant\data\generated\images\rec_2067.png,0
3019,E:\ImageQant\data\generated\images\rec_3019.png,0
184,E:\ImageQant\data\generated\images\rec_184.png,1
1234,E:\ImageQant\data\generated\images\rec_1234.png,0
3911,E:\ImageQant\data\generated\images\rec_3911.png,0
2337,E:\ImageQant\data\generated\images\rec_2337.png,1
1040,E:\ImageQant\data\generated\images\rec_1040.png,0
3447,E:\ImageQant\data\generated\images\rec_3447.png,0
328,E:\ImageQant\data\generated\images\rec_328.png,0
4191,E:\ImageQant\data\generated\images\rec_4191.png,0
976,E:\ImageQant\data\generated\images\rec_976.png,0
853,E:\ImageQant\data\generated\images\rec_853.png,0
3775,E:\ImageQant\data\generated\images\rec_3775.png,1
4114,E:\ImageQant\data\generated\images\rec_4114.png,0
3686,E:\ImageQant\data\generated\images\rec_3686.png,1
4183,E:\ImageQant\data\generated\images\rec_4183.png,0
893,E:\ImageQant\data\generated\images\rec_893.png,1
3613,E:\ImageQant\data\generated\images\rec_3613.png,1
2838,E:\ImageQant\data\generated\images\rec_2838.png,1
1354,E:\ImageQant\data\generated\images\rec_1354.png,0
4176,E:\ImageQant\data\generated\images\rec_4176.png,0
287,E:\ImageQant\data\generated\images\rec_287.png,0
83,E:\ImageQant\data\generated\images\rec_83.png,0
304,E:\ImageQant\data\generated\images\rec_304.png,1
2068,E:\ImageQant\data\generated\images\rec_2068.png,0
415,E:\ImageQant\data\generated\images\rec_415.png,0
2528,E:\ImageQant\data\generated\images\rec_2528.png,0
256,E:\ImageQant\data\generated\images\rec_256.png,0
1440,E:\ImageQant\data\generated\images\rec_1440.png,0
1069,E:\ImageQant\data\generated\images\rec_1069.png,0
3142,E:\ImageQant\data\generated\images\rec_3142.png,1
2920,E:\ImageQant\data\generated\images\rec_2920.png,0
3250,E:\ImageQant\data\generated\images\rec_3250.png,1
2298,E:\ImageQant\data\generated\images\rec_2298.png,0
4231,E:\ImageQant\data\generated\images\rec_4231.png,0
4399,E:\ImageQant\data\generated\images\rec_4399.png,0
470,E:\ImageQant\data\generated\images\rec_470.png,0
1958,E:\ImageQant\data\generated\images\rec_1958.png,1
2477,E:\ImageQant\data\generated\images\rec_2477.png,0
4266,E:\ImageQant\data\generated\images\rec_4266.png,0
2932,E:\ImageQant\data\generated\images\rec_2932.png,1
3456,E:\ImageQant\data\generated\images\rec_3456.png,0
3768,E:\ImageQant\data\generated\images\rec_3768.png,0
3815,E:\ImageQant\data\generated\images\rec_3815.png,0
3120,E:\ImageQant\data\generated\images\rec_3120.png,1
151,E:\ImageQant\data\generated\images\rec_151.png,0
4274,E:\ImageQant\data\generated\images\rec_4274.png,0
439,E:\ImageQant\data\generated\images\rec_439.png,0
2729,E:\ImageQant\data\generated\images\rec_2729.png,0
2039,E:\ImageQant\data\generated\images\rec_2039.png,0
445,E:\ImageQant\data\generated\images\rec_445.png,0
3146,E:\ImageQant\data\generated\images\rec_3146.png,0
1527,E:\ImageQant\data\generated\images\rec_1527.png,0
2895,E:\ImageQant\data\generated\images\rec_2895.png,0
4230,E:\ImageQant\data\generated\images\rec_4230.png,0
138,E:\ImageQant\data\generated\images\rec_138.png,0
4192,E:\ImageQant\data\generated\images\rec_4192.png,0
2917,E:\ImageQant\data\generated\images\rec_2917.png,0
4381,E:\ImageQant\data\generated\images\rec_4381.png,0
938,E:\ImageQant\data\generated\images\rec_938.png,0
2922,E:\ImageQant\data\generated\images\rec_2922.png,1
3982,E:\ImageQant\data\generated\images\rec_3982.png,0
4118,E:\ImageQant\data\generated\images\rec_4118.png,0
3812,E:\ImageQant\data\generated\images\rec_3812.png,0
1508,E:\ImageQant\data\generated\images\rec_1508.png,0
1481,E:\ImageQant\data\generated\images\rec_1481.png,0
104,E:\ImageQant\data\generated\images\rec_104.png,1
3497,E:\ImageQant\data\generated\images\rec_3497.png,1
2226,E:\ImageQant\data\generated\images\rec_2226.png,0
2522,E:\ImageQant\data\generated\images\rec_2522.png,0
3711,E:\ImageQant\data\generated\images\rec_3711.png,1
2198,E:\ImageQant\data\generated\images\rec_2198.png,1
1649,E:\ImageQant\data\generated\images\rec_1649.png,0
1239,E:\ImageQant\data\generated\images\rec_1239.png,1
2210,E:\ImageQant\data\generated\images\rec_2210.png,0
1940,E:\ImageQant\data\generated\images\rec_1940.png,0
2197,E:\ImageQant\data\generated\images\rec_2197.png,0
1408,E:\ImageQant\data\generated\images\rec_1408.png,1
562,E:\ImageQant\data\generated\images\rec_562.png,1
769,E:\ImageQant\data\generated\images\rec_769.png,0
3680,E:\ImageQant\data\generated\images\rec_3680.png,1
2630,E:\ImageQant\data\generated\images\rec_2630.png,1
2173,E:\ImageQant\data\generated\images\rec_2173.png,1
3136,E:\ImageQant\data\generated\images\rec_3136.png,0
1611,E:\ImageQant\data\generated\images\rec_1611.png,0
235,E:\ImageQant\data\generated\images\rec_235.png,0
3855,E:\ImageQant\data\generated\images\rec_3855.png,0
1957,E:\ImageQant\data\generated\images\rec_1957.png,0
3579,E:\ImageQant\data\generated\images\rec_3579.png,0
1423,E:\ImageQant\data\generated\images\rec_1423.png,0
3828,E:\ImageQant\data\generated\images\rec_3828.png,1
577,E:\ImageQant\data\generated\images\rec_577.png,0
1009,E:\ImageQant\data\generated\images\rec_1009.png,0
1138,E:\ImageQant\data\generated\images\rec_1138.png,0
2840,E:\ImageQant\data\generated\images\rec_2840.png,0
543,E:\ImageQant\data\generated\images\rec_543.png,0
3844,E:\ImageQant\data\generated\images\rec_3844.png,0
376,E:\ImageQant\data\generated\images\rec_376.png,1
3106,E:\ImageQant\data\generated\images\rec_3106.png,0
241,E:\ImageQant\data\generated\images\rec_241.png,0
936,E:\ImageQant\data\generated\images\rec_936.png,1
3172,E:\ImageQant\data\generated\images\rec_3172.png,1
3042,E:\ImageQant\data\generated\images\rec_3042.png,0
2663,E:\ImageQant\data\generated\images\rec_2663.png,1
3099,E:\ImageQant\data\generated\images\rec_3099.png,1
3750,E:\ImageQant\data\generated\images\rec_3750.png,0
4070,E:\ImageQant\data\generated\images\rec_4070.png,0
3342,E:\ImageQant\data\generated\images\rec_3342.png,0
934,E:\ImageQant\data\generated\images\rec_934.png,0
351,E:\ImageQant\data\generated\images\rec_351.png,0
2297,E:\ImageQant\data\generated\images\rec_2297.png,0
2735,E:\ImageQant\data\generated\images\rec_2735.png,0
1664,E:\ImageQant\data\generated\images\rec_1664.png,0
2798,E:\ImageQant\data\generated\images\rec_2798.png,0
2912,E:\ImageQant\data\generated\images\rec_2912.png,1
4314,E:\ImageQant\data\generated\images\rec_4314.png,1
3056,E:\ImageQant\data\generated\images\rec_3056.png,0
772,E:\ImageQant\data\generated\images\rec_772.png,0
448,E:\ImageQant\data\generated\images\rec_448.png,0
1743,E:\ImageQant\data\generated\images\rec_1743.png,1
1874,E:\ImageQant\data\generated\images\rec_1874.png,0
660,E:\ImageQant\data\generated\images\rec_660.png,0
754,E:\ImageQant\data\generated\images\rec_754.png,0
4086,E:\ImageQant\data\generated\images\rec_4086.png,0
819,E:\ImageQant\data\generated\images\rec_819.png,0
2373,E:\ImageQant\data\generated\images\rec_2373.png,0
4085,E:\ImageQant\data\generated\images\rec_4085.png,1
1966,E:\ImageQant\data\generated\images\rec_1966.png,0
443,E:\ImageQant\data\generated\images\rec_443.png,0
1604,E:\ImageQant\data\generated\images\rec_1604.png,1
3723,E:\ImageQant\data\generated\images\rec_3723.png,1
3062,E:\ImageQant\data\generated\images\rec_3062.png,1
3397,E:\ImageQant\data\generated\images\rec_3397.png,0
4214,E:\ImageQant\data\generated\images\rec_4214.png,0
3460,E:\ImageQant\data\generated\images\rec_3460.png,0
4190,E:\ImageQant\data\generated\images\rec_4190.png,1
1434,E:\ImageQant\data\generated\images\rec_1434.png,0
3067,E:\ImageQant\data\generated\images\rec_3067.png,0
3295,E:\ImageQant\data\generated\images\rec_3295.png,0
1926,E:\ImageQant\data\generated\images\rec_1926.png,0
2422,E:\ImageQant\data\generated\images\rec_2422.png,0
2273,E:\ImageQant\data\generated\images\rec_2273.png,1
52,E:\ImageQant\data\generated\images\rec_52.png,0
1311,E:\ImageQant\data\generated\images\rec_1311.png,0
3027,E:\ImageQant\data\generated\images\rec_3027.png,1
111,E:\ImageQant\data\generated\images\rec_111.png,0
761,E:\ImageQant\data\generated\images\rec_761.png,0
2664,E:\ImageQant\data\generated\images\rec_2664.png,0
845,E:\ImageQant\data\generated\images\rec_845.png,1
389,E:\ImageQant\data\generated\images\rec_389.png,0
3411,E:\ImageQant\data\generated\images\rec_3411.png,0
1181,E:\ImageQant\data\generated\images\rec_1181.png,0
100,E:\ImageQant\data\generated\images\rec_100.png,1
4082,E:\ImageQant\data\generated\images\rec_4082.png,0
3413,E:\ImageQant\data\generated\images\rec_3413.png,1
3213,E:\ImageQant\data\generated\images\rec_3213.png,1
2069,E:\ImageQant\data\generated\images\rec_2069.png,1
732,E:\ImageQant\data\generated\images\rec_732.png,0
4050,E:\ImageQant\data\generated\images\rec_4050.png,1
3459,E:\ImageQant\data\generated\images\rec_3459.png,1
2888,E:\ImageQant\data\generated\images\rec_2888.png,0
2515,E:\ImageQant\data\generated\images\rec_2515.png,0
599,E:\ImageQant\data\generated\images\rec_599.png,0
1474,E:\ImageQant\data\generated\images\rec_1474.png,0
1622,E:\ImageQant\data\generated\images\rec_1622.png,1
4162,E:\ImageQant\data\generated\images\rec_4162.png,1
3256,E:\ImageQant\data\generated\images\rec_3256.png,0
2804,E:\ImageQant\data\generated\images\rec_2804.png,0
264,E:\ImageQant\data\generated\images\rec_264.png,0
4351,E:\ImageQant\data\generated\images\rec_4351.png,0
690,E:\ImageQant\data\generated\images\rec_690.png,1
4121,E:\ImageQant\data\generated\images\rec_4121.png,0
4390,E:\ImageQant\data\generated\images\rec_4390.png,0
2259,E:\ImageQant\data\generated\images\rec_2259.png,0
530,E:\ImageQant\data\generated\images\rec_530.png,0
1288,E:\ImageQant\data\generated\images\rec_1288.png,0
3299,E:\ImageQant\data\generated\images\rec_3299.png,1
4329,E:\ImageQant\data\generated\images\rec_4329.png,0
79,E:\ImageQant\data\generated\images\rec_79.png,0
3048,E:\ImageQant\data\generated\images\rec_3048.png,0
2170,E:\ImageQant\data\generated\images\rec_2170.png,0
2207,E:\ImageQant\data\generated\images\rec_2207.png,0
1921,E:\ImageQant\data\generated\images\rec_1921.png,0
4202,E:\ImageQant\data\generated\images\rec_4202.png,0
3562,E:\ImageQant\data\generated\images\rec_3562.png,1
2139,E:\ImageQant\data\generated\images\rec_2139.png,1
1327,E:\ImageQant\data\generated\images\rec_1327.png,1
141,E:\ImageQant\data\generated\images\rec_141.png,0
1617,E:\ImageQant\data\generated\images\rec_1617.png,1
4359,E:\ImageQant\data\generated\images\rec_4359.png,0
2287,E:\ImageQant\data\generated\images\rec_2287.png,0
1200,E:\ImageQant\data\generated\images\rec_1200.png,0
3687,E:\ImageQant\data\generated\images\rec_3687.png,1
664,E:\ImageQant\data\generated\images\rec_664.png,0
2598,E:\ImageQant\data\generated\images\rec_2598.png,0
521,E:\ImageQant\data\generated\images\rec_521.png,0
3229,E:\ImageQant\data\generated\images\rec_3229.png,0
438,E:\ImageQant\data\generated\images\rec_438.png,1
4393,E:\ImageQant\data\generated\images\rec_4393.png,0
1148,E:\ImageQant\data\generated\images\rec_1148.png,0
1801,E:\ImageQant\data\generated\images\rec_1801.png,0
4033,E:\ImageQant\data\generated\images\rec_4033.png,1
4092,E:\ImageQant\data\generated\images\rec_4092.png,1
3557,E:\ImageQant\data\generated\images\rec_3557.png,1
533,E:\ImageQant\data\generated\images\rec_533.png,1
294,E:\ImageQant\data\generated\images\rec_294.png,1
747,E:\ImageQant\data\generated\images\rec_747.png,0
3966,E:\ImageQant\data\generated\images\rec_3966.png,1
968,E:\ImageQant\data\generated\images\rec_968.png,1
2366,E:\ImageQant\data\generated\images\rec_2366.png,0
1382,E:\ImageQant\data\generated\images\rec_1382.png,0
3426,E:\ImageQant\data\generated\images\rec_3426.png,0
3428,E:\ImageQant\data\generated\images\rec_3428.png,1
1968,E:\ImageQant\data\generated\images\rec_1968.png,0
881,E:\ImageQant\data\generated\images\rec_881.png,0
2546,E:\ImageQant\data\generated\images\rec_2546.png,0
2238,E:\ImageQant\data\generated\images\rec_2238.png,0
2623,E:\ImageQant\data\generated\images\rec_2623.png,1
1045,E:\ImageQant\data\generated\images\rec_1045.png,1
481,E:\ImageQant\data\generated\images\rec_481.png,0
3020,E:\ImageQant\data\generated\images\rec_3020.png,0
1425,E:\ImageQant\data\generated\images\rec_1425.png,0
1610,E:\ImageQant\data\generated\images\rec_1610.png,1
814,E:\ImageQant\data\generated\images\rec_814.png,0
3422,E:\ImageQant\data\generated\images\rec_3422.png,1
4328,E:\ImageQant\data\generated\images\rec_4328.png,1
2803,E:\ImageQant\data\generated\images\rec_2803.png,0
2906,E:\ImageQant\data\generated\images\rec_2906.png,0
2389,E:\ImageQant\data\generated\images\rec_2389.png,1
455,E:\ImageQant\data\generated\images\rec_455.png,0
2967,E:\ImageQant\data\generated\images\rec_2967.png,0
2790,E:\ImageQant\data\generated\images\rec_2790.png,1
3624,E:\ImageQant\data\generated\images\rec_3624.png,0
1873,E:\ImageQant\data\generated\images\rec_1873.png,1
99,E:\ImageQant\data\generated\images\rec_99.png,1
517,E:\ImageQant\data\generated\images\rec_517.png,1
356,E:\ImageQant\data\generated\images\rec_356.png,0
669,E:\ImageQant\data\generated\images\rec_669.png,0
4139,E:\ImageQant\data\generated\images\rec_4139.png,0
4250,E:\ImageQant\data\generated\images\rec_4250.png,1
154,E:\ImageQant\data\generated\images\rec_154.png,1
2742,E:\ImageQant\data\generated\images\rec_2742.png,0
1896,E:\ImageQant\data\generated\images\rec_1896.png,0
2568,E:\ImageQant\data\generated\images\rec_2568.png,0
166,E:\ImageQant\data\generated\images\rec_166.png,0
197,E:\ImageQant\data\generated\images\rec_197.png,1
3877,E:\ImageQant\data\generated\images\rec_3877.png,0
2304,E:\ImageQant\data\generated\images\rec_2304.png,1
1883,E:\ImageQant\data\generated\images\rec_1883.png,0
2200,E:\ImageQant\data\generated\images\rec_2200.png,1
1399,E:\ImageQant\data\generated\images\rec_1399.png,0
1613,E:\ImageQant\data\generated\images\rec_1613.png,1
4209,E:\ImageQant\data\generated\images\rec_4209.png,0
691,E:\ImageQant\data\generated\images\rec_691.png,0
539,E:\ImageQant\data\generated\images\rec_539.png,1
2921,E:\ImageQant\data\generated\images\rec_2921.png,0
1348,E:\ImageQant\data\generated\images\rec_1348.png,0
3641,E:\ImageQant\data\generated\images\rec_3641.png,1
725,E:\ImageQant\data\generated\images\rec_725.png,0
3572,E:\ImageQant\data\generated\images\rec_3572.png,1
1829,E:\ImageQant\data\generated\images\rec_1829.png,0
775,E:\ImageQant\data\generated\images\rec_775.png,1
527,E:\ImageQant\data\generated\images\rec_527.png,0
2463,E:\ImageQant\data\generated\images\rec_2463.png,1
2374,E:\ImageQant\data\generated\images\rec_2374.png,0
3260,E:\ImageQant\data\generated\images\rec_3260.png,0
106,E:\ImageQant\data\generated\images\rec_106.png,1
46,E:\ImageQant\data\generated\images\rec_46.png,0
3366,E:\ImageQant\data\generated\images\rec_3366.png,0
3184,E:\ImageQant\data\generated\images\rec_3184.png,0
2966,E:\ImageQant\data\generated\images\rec_2966.png,0
2322,E:\ImageQant\data\generated\images\rec_2322.png,1
1244,E:\ImageQant\data\generated\images\rec_1244.png,1
3288,E:\ImageQant\data\generated\images\rec_3288.png,0
2503,E:\ImageQant\data\generated\images\rec_2503.png,0
1167,E:\ImageQant\data\generated\images\rec_1167.png,0
2592,E:\ImageQant\data\generated\images\rec_2592.png,0
3871,E:\ImageQant\data\generated\images\rec_3871.png,0
3596,E:\ImageQant\data\generated\images\rec_3596.png,0
4345,E:\ImageQant\data\generated\images\rec_4345.png,0
126,E:\ImageQant\data\generated\images\rec_126.png,0
3879,E:\ImageQant\data\generated\images\rec_3879.png,0
643,E:\ImageQant\data\generated\images\rec_643.png,0
969,E:\ImageQant\data\generated\images\rec_969.png,0
1071,E:\ImageQant\data\generated\images\rec_1071.png,0
1895,E:\ImageQant\data\generated\images\rec_1895.png,0
1818,E:\ImageQant\data\generated\images\rec_1818.png,1
78,E:\ImageQant\data\generated\images\rec_78.png,0
1255,E:\ImageQant\data\generated\images\rec_1255.png,1
233,E:\ImageQant\data\generated\images\rec_233.png,0
4422,E:\ImageQant\data\generated\images\rec_4422.png,0
2245,E:\ImageQant\data\generated\images\rec_2245.png,0
1657,E:\ImageQant\data\generated\images\rec_1657.png,0
512,E:\ImageQant\data\generated\images\rec_512.png,0
3500,E:\ImageQant\data\generated\images\rec_3500.png,1
1683,E:\ImageQant\data\generated\images\rec_1683.png,1
2992,E:\ImageQant\data\generated\images\rec_2992.png,1
2254,E:\ImageQant\data\generated\images\rec_2254.png,1
245,E:\ImageQant\data\generated\images\rec_245.png,0
830,E:\ImageQant\data\generated\images\rec_830.png,1
3482,E:\ImageQant\data\generated\images\rec_3482.png,1
2763,E:\ImageQant\data\generated\images\rec_2763.png,0
3457,E:\ImageQant\data\generated\images\rec_3457.png,0
96,E:\ImageQant\data\generated\images\rec_96.png,0
3607,E:\ImageQant\data\generated\images\rec_3607.png,0
3187,E:\ImageQant\data\generated\images\rec_3187.png,1
334,E:\ImageQant\data\generated\images\rec_334.png,0
3594,E:\ImageQant\data\generated\images\rec_3594.png,0
556,E:\ImageQant\data\generated\images\rec_556.png,0
1062,E:\ImageQant\data\generated\images\rec_1062.png,0
3414,E:\ImageQant\data\generated\images\rec_3414.png,0
3220,E:\ImageQant\data\generated\images\rec_3220.png,1
2252,E:\ImageQant\data\generated\images\rec_2252.png,1
1831,E:\ImageQant\data\generated\images\rec_1831.png,0
2265,E:\ImageQant\data\generated\images\rec_2265.png,0
1730,E:\ImageQant\data\generated\images\rec_1730.png,0
401,E:\ImageQant\data\generated\images\rec_401.png,0
336,E:\ImageQant\data\generated\images\rec_336.png,0
1074,E:\ImageQant\data\generated\images\rec_1074.png,0
3104,E:\ImageQant\data\generated\images\rec_3104.png,0
752,E:\ImageQant\data\generated\images\rec_752.png,0
4304,E:\ImageQant\data\generated\images\rec_4304.png,1
2420,E:\ImageQant\data\generated\images\rec_2420.png,1
3501,E:\ImageQant\data\generated\images\rec_3501.png,1
2487,E:\ImageQant\data\generated\images\rec_2487.png,1
3024,E:\ImageQant\data\generated\images\rec_3024.png,0
3254,E:\ImageQant\data\generated\images\rec_3254.png,0
728,E:\ImageQant\data\generated\images\rec_728.png,0
469,E:\ImageQant\data\generated\images\rec_469.png,0
2911,E:\ImageQant\data\generated\images\rec_2911.png,0
1650,E:\ImageQant\data\generated\images\rec_1650.png,0
751,E:\ImageQant\data\generated\images\rec_751.png,0
1174,E:\ImageQant\data\generated\images\rec_1174.png,0
4117,E:\ImageQant\data\generated\images\rec_4117.png,0
3961,E:\ImageQant\data\generated\images\rec_3961.png,0
505,E:\ImageQant\data\generated\images\rec_505.png,0
4287,E:\ImageQant\data\generated\images\rec_4287.png,0
3108,E:\ImageQant\data\generated\images\rec_3108.png,0
1904,E:\ImageQant\data\generated\images\rec_1904.png,0
1307,E:\ImageQant\data\generated\images\rec_1307.png,0
1669,E:\ImageQant\data\generated\images\rec_1669.png,0
1654,E:\ImageQant\data\generated\images\rec_1654.png,1
411,E:\ImageQant\data\generated\images\rec_411.png,0
4042,E:\ImageQant\data\generated\images\rec_4042.png,0
3866,E:\ImageQant\data\generated\images\rec_3866.png,1
2474,E:\ImageQant\data\generated\images\rec_2474.png,0
3621,E:\ImageQant\data\generated\images\rec_3621.png,0
1898,E:\ImageQant\data\generated\images\rec_1898.png,0
207,E:\ImageQant\data\generated\images\rec_207.png,0
3360,E:\ImageQant\data\generated\images\rec_3360.png,1
3688,E:\ImageQant\data\generated\images\rec_3688.png,0
1060,E:\ImageQant\data\generated\images\rec_1060.png,1
1805,E:\ImageQant\data\generated\images\rec_1805.png,1
2433,E:\ImageQant\data\generated\images\rec_2433.png,0
2856,E:\ImageQant\data\generated\images\rec_2856.png,0
1916,E:\ImageQant\data\generated\images\rec_1916.png,0
2483,E:\ImageQant\data\generated\images\rec_2483.png,0
45,E:\ImageQant\data\generated\images\rec_45.png,0
828,E:\ImageQant\data\generated\images\rec_828.png,0
3449,E:\ImageQant\data\generated\images\rec_3449.png,0
1439,E:\ImageQant\data\generated\images\rec_1439.png,0
116,E:\ImageQant\data\generated\images\rec_116.png,0
177,E:\ImageQant\data\generated\images\rec_177.png,1
1326,E:\ImageQant\data\generated\images\rec_1326.png,0
2091,E:\ImageQant\data\generated\images\rec_2091.png,0
2871,E:\ImageQant\data\generated\images\rec_2871.png,1
1530,E:\ImageQant\data\generated\images\rec_1530.png,0
3415,E:\ImageQant\data\generated\images\rec_3415.png,0
2777,E:\ImageQant\data\generated\images\rec_2777.png,0
3725,E:\ImageQant\data\generated\images\rec_3725.png,1
4115,E:\ImageQant\data\generated\images\rec_4115.png,0
704,E:\ImageQant\data\generated\images\rec_704.png,0
2806,E:\ImageQant\data\generated\images\rec_2806.png,0
880,E:\ImageQant\data\generated\images\rec_880.png,0
4077,E:\ImageQant\data\generated\images\rec_4077.png,1
3810,E:\ImageQant\data\generated\images\rec_3810.png,0
4040,E:\ImageQant\data\generated\images\rec_4040.png,0
1504,E:\ImageQant\data\generated\images\rec_1504.png,0
2303,E:\ImageQant\data\generated\images\rec_2303.png,0
3327,E:\ImageQant\data\generated\images\rec_3327.png,1
3199,E:\ImageQant\data\generated\images\rec_3199.png,0
1705,E:\ImageQant\data\generated\images\rec_1705.png,0
213,E:\ImageQant\data\generated\images\rec_213.png,1
68,E:\ImageQant\data\generated\images\rec_68.png,1
1682,E:\ImageQant\data\generated\images\rec_1682.png,1
626,E:\ImageQant\data\generated\images\rec_626.png,0
2552,E:\ImageQant\data\generated\images\rec_2552.png,0
4157,E:\ImageQant\data\generated\images\rec_4157.png,1
786,E:\ImageQant\data\generated\images\rec_786.png,0
2733,E:\ImageQant\data\generated\images\rec_2733.png,0
2566,E:\ImageQant\data\generated\images\rec_2566.png,0
3417,E:\ImageQant\data\generated\images\rec_3417.png,1
619,E:\ImageQant\data\generated\images\rec_619.png,0
1592,E:\ImageQant\data\generated\images\rec_1592.png,0
1984,E:\ImageQant\data\generated\images\rec_1984.png,0
1111,E:\ImageQant\data\generated\images\rec_1111.png,0
493,E:\ImageQant\data\generated\images\rec_493.png,0
2272,E:\ImageQant\data\generated\images\rec_2272.png,1
3799,E:\ImageQant\data\generated\images\rec_3799.png,1
4057,E:\ImageQant\data\generated\images\rec_4057.png,0
2766,E:\ImageQant\data\generated\images\rec_2766.png,0
3795,E:\ImageQant\data\generated\images\rec_3795.png,0
303,E:\ImageQant\data\generated\images\rec_303.png,1
1367,E:\ImageQant\data\generated\images\rec_1367.png,0
3001,E:\ImageQant\data\generated\images\rec_3001.png,0
865,E:\ImageQant\data\generated\images\rec_865.png,0
2192,E:\ImageQant\data\generated\images\rec_2192.png,1
3940,E:\ImageQant\data\generated\images\rec_3940.png,0
2490,E:\ImageQant\data\generated\images\rec_2490.png,0
1619,E:\ImageQant\data\generated\images\rec_1619.png,0
1563,E:\ImageQant\data\generated\images\rec_1563.png,0
122,E:\ImageQant\data\generated\images\rec_122.png,1
3547,E:\ImageQant\data\generated\images\rec_3547.png,1
1209,E:\ImageQant\data\generated\images\rec_1209.png,1
2037,E:\ImageQant\data\generated\images\rec_2037.png,1
3227,E:\ImageQant\data\generated\images\rec_3227.png,0
1647,E:\ImageQant\data\generated\images\rec_1647.png,0
3475,E:\ImageQant\data\generated\images\rec_3475.png,0
3035,E:\ImageQant\data\generated\images\rec_3035.png,0
4120,E:\ImageQant\data\generated\images\rec_4120.png,0
684,E:\ImageQant\data\generated\images\rec_684.png,0
1126,E:\ImageQant\data\generated\images\rec_1126.png,0
372,E:\ImageQant\data\generated\images\rec_372.png,0
3524,E:\ImageQant\data\generated\images\rec_3524.png,0
3096,E:\ImageQant\data\generated\images\rec_3096.png,0
1974,E:\ImageQant\data\generated\images\rec_1974.png,0
2633,E:\ImageQant\data\generated\images\rec_2633.png,0
2517,E:\ImageQant\data\generated\images\rec_2517.png,0
2778,E:\ImageQant\data\generated\images\rec_2778.png,0
1809,E:\ImageQant\data\generated\images\rec_1809.png,0
2724,E:\ImageQant\data\generated\images\rec_2724.png,0
1065,E:\ImageQant\data\generated\images\rec_1065.png,1
3604,E:\ImageQant\data\generated\images\rec_3604.png,0
666,E:\ImageQant\data\generated\images\rec_666.png,1
3420,E:\ImageQant\data\generated\images\rec_3420.png,0
2775,E:\ImageQant\data\generated\images\rec_2775.png,0
3769,E:\ImageQant\data\generated\images\rec_3769.png,1
875,E:\ImageQant\data\generated\images\rec_875.png,0
3752,E:\ImageQant\data\generated\images\rec_3752.png,0
1270,E:\ImageQant\data\generated\images\rec_1270.png,0
2230,E:\ImageQant\data\generated\images\rec_2230.png,0
3830,E:\ImageQant\data\generated\images\rec_3830.png,0
3222,E:\ImageQant\data\generated\images\rec_3222.png,0
2673,E:\ImageQant\data\generated\images\rec_2673.png,0
3346,E:\ImageQant\data\generated\images\rec_3346.png,1
3538,E:\ImageQant\data\generated\images\rec_3538.png,1
2499,E:\ImageQant\data\generated\images\rec_2499.png,1
1413,E:\ImageQant\data\generated\images\rec_1413.png,0
2426,E:\ImageQant\data\generated\images\rec_2426.png,1
3444,E:\ImageQant\data\generated\images\rec_3444.png,1
2092,E:\ImageQant\data\generated\images\rec_2092.png,0
729,E:\ImageQant\data\generated\images\rec_729.png,0
18,E:\ImageQant\data\generated\images\rec_18.png,0
3051,E:\ImageQant\data\generated\images\rec_3051.png,0
1017,E:\ImageQant\data\generated\images\rec_1017.png,0
4100,E:\ImageQant\data\generated\images\rec_4100.png,0
2144,E:\ImageQant\data\generated\images\rec_2144.png,0
3046,E:\ImageQant\data\generated\images\rec_3046.png,0
2093,E:\ImageQant\data\generated\images\rec_2093.png,0
510,E:\ImageQant\data\generated\images\rec_510.png,0
2661,E:\ImageQant\data\generated\images\rec_2661.png,0
2861,E:\ImageQant\data\generated\images\rec_2861.png,0
1733,E:\ImageQant\data\generated\images\rec_1733.png,0
3929,E:\ImageQant\data\generated\images\rec_3929.png,0
431,E:\ImageQant\data\generated\images\rec_431.png,0
949,E:\ImageQant\data\generated\images\rec_949.png,1
1639,E:\ImageQant\data\generated\images\rec_1639.png,0
4145,E:\ImageQant\data\generated\images\rec_4145.png,1
41,E:\ImageQant\data\generated\images\rec_41.png,0
1132,E:\ImageQant\data\generated\images\rec_1132.png,0
3736,E:\ImageQant\data\generated\images\rec_3736.png,0
597,E:\ImageQant\data\generated\images\rec_597.png,1
692,E:\ImageQant\data\generated\images\rec_692.png,0
1615,E:\ImageQant\data\generated\images\rec_1615.png,1
3280,E:\ImageQant\data\generated\images\rec_3280.png,0
60,E:\ImageQant\data\generated\images\rec_60.png,0
276,E:\ImageQant\data\generated\images\rec_276.png,1
3363,E:\ImageQant\data\generated\images\rec_3363.png,1
2890,E:\ImageQant\data\generated\images\rec_2890.png,0
4353,E:\ImageQant\data\generated\images\rec_4353.png,0
2229,E:\ImageQant\data\generated\images\rec_2229.png,0
1503,E:\ImageQant\data\generated\images\rec_1503.png,0
262,E:\ImageQant\data\generated\images\rec_262.png,1
2071,E:\ImageQant\data\generated\images\rec_2071.png,0
1582,E:\ImageQant\data\generated\images\rec_1582.png,1
890,E:\ImageQant\data\generated\images\rec_890.png,0
1143,E:\ImageQant\data\generated\images\rec_1143.png,0
193,E:\ImageQant\data\generated\images\rec_193.png,1
4074,E:\ImageQant\data\generated\images\rec_4074.png,0
7,E:\ImageQant\data\generated\images\rec_7.png,1
607,E:\ImageQant\data\generated\images\rec_607.png,0
4234,E:\ImageQant\data\generated\images\rec_4234.png,0
2137,E:\ImageQant\data\generated\images\rec_2137.png,0
4282,E:\ImageQant\data\generated\images\rec_4282.png,1
1456,E:\ImageQant\data\generated\images\rec_1456.png,0
2609,E:\ImageQant\data\generated\images\rec_2609.png,1
4241,E:\ImageQant\data\generated\images\rec_4241.png,1
638,E:\ImageQant\data\generated\images\rec_638.png,0
1122,E:\ImageQant\data\generated\images\rec_1122.png,0
1520,E:\ImageQant\data\generated\images\rec_1520.png,1
15,E:\ImageQant\data\generated\images\rec_15.png,1
1369,E:\ImageQant\data\generated\images\rec_1369.png,0
3168,E:\ImageQant\data\generated\images\rec_3168.png,1
593,E:\ImageQant\data\generated\images\rec_593.png,0
1941,E:\ImageQant\data\generated\images\rec_1941.png,0
2587,E:\ImageQant\data\generated\images\rec_2587.png,0
4423,E:\ImageQant\data\generated\images\rec_4423.png,0
746,E:\ImageQant\data\generated\images\rec_746.png,1
3045,E:\ImageQant\data\generated\images\rec_3045.png,0
616,E:\ImageQant\data\generated\images\rec_616.png,0
364,E:\ImageQant\data\generated\images\rec_364.png,0
402,E:\ImageQant\data\generated\images\rec_402.png,0
1149,E:\ImageQant\data\generated\images\rec_1149.png,0
2299,E:\ImageQant\data\generated\images\rec_2299.png,1
3011,E:\ImageQant\data\generated\images\rec_3011.png,1
2013,E:\ImageQant\data\generated\images\rec_2013.png,1
3372,E:\ImageQant\data\generated\images\rec_3372.png,0
1302,E:\ImageQant\data\generated\images\rec_1302.png,0
4406,E:\ImageQant\data\generated\images\rec_4406.png,0
94,E:\ImageQant\data\generated\images\rec_94.png,0
844,E:\ImageQant\data\generated\images\rec_844.png,0
3197,E:\ImageQant\data\generated\images\rec_3197.png,0
2334,E:\ImageQant\data\generated\images\rec_2334.png,0
3178,E:\ImageQant\data\generated\images\rec_3178.png,0
1998,E:\ImageQant\data\generated\images\rec_1998.png,1
2923,E:\ImageQant\data\generated\images\rec_2923.png,1
4136,E:\ImageQant\data\generated\images\rec_4136.png,0
2495,E:\ImageQant\data\generated\images\rec_2495.png,0
3126,E:\ImageQant\data\generated\images\rec_3126.png,0
1560,E:\ImageQant\data\generated\images\rec_1560.png,0
1689,E:\ImageQant\data\generated\images\rec_1689.png,1
1263,E:\ImageQant\data\generated\images\rec_1263.png,0
4255,E:\ImageQant\data\generated\images\rec_4255.png,1
3587,E:\ImageQant\data\generated\images\rec_3587.png,0
3026,E:\ImageQant\data\generated\images\rec_3026.png,0
1196,E:\ImageQant\data\generated\images\rec_1196.png,1
2241,E:\ImageQant\data\generated\images\rec_2241.png,0
1676,E:\ImageQant\data\generated\images\rec_1676.png,1
2583,E:\ImageQant\data\generated\images\rec_2583.png,0
14,E:\ImageQant\data\generated\images\rec_14.png,0
258,E:\ImageQant\data\generated\images\rec_258.png,0
688,E:\ImageQant\data\generated\images\rec_688.png,0
2424,E:\ImageQant\data\generated\images\rec_2424.png,1
4325,E:\ImageQant\data\generated\images\rec_4325.png,0
1553,E:\ImageQant\data\generated\images\rec_1553.png,0
3944,E:\ImageQant\data\generated\images\rec_3944.png,1
3770,E:\ImageQant\data\generated\images\rec_3770.png,1
480,E:\ImageQant\data\generated\images\rec_480.png,0
3765,E:\ImageQant\data\generated\images\rec_3765.png,0
1345,E:\ImageQant\data\generated\images\rec_1345.png,0
4264,E:\ImageQant\data\generated\images\rec_4264.png,0
2261,E:\ImageQant\data\generated\images\rec_2261.png,1
223,E:\ImageQant\data\generated\images\rec_223.png,0
1294,E:\ImageQant\data\generated\images\rec_1294.png,1
1778,E:\ImageQant\data\generated\images\rec_1778.png,0
3431,E:\ImageQant\data\generated\images\rec_3431.png,0
1437,E:\ImageQant\data\generated\images\rec_1437.png,0
1981,E:\ImageQant\data\generated\images\rec_1981.png,0
2009,E:\ImageQant\data\generated\images\rec_2009.png,1
3059,E:\ImageQant\data\generated\images\rec_3059.png,0
227,E:\ImageQant\data\generated\images\rec_227.png,0
4248,E:\ImageQant\data\generated\images\rec_4248.png,1
1524,E:\ImageQant\data\generated\images\rec_1524.png,0
617,E:\ImageQant\data\generated\images\rec_617.png,0
1840,E:\ImageQant\data\generated\images\rec_1840.png,1
2999,E:\ImageQant\data\generated\images\rec_2999.png,1
162,E:\ImageQant\data\generated\images\rec_162.png,0
1248,E:\ImageQant\data\generated\images\rec_1248.png,0
3436,E:\ImageQant\data\generated\images\rec_3436.png,0
3708,E:\ImageQant\data\generated\images\rec_3708.png,1
2020,E:\ImageQant\data\generated\images\rec_2020.png,1
4066,E:\ImageQant\data\generated\images\rec_4066.png,0
1810,E:\ImageQant\data\generated\images\rec_1810.png,0
3241,E:\ImageQant\data\generated\images\rec_3241.png,0
33,E:\ImageQant\data\generated\images\rec_33.png,0
1161,E:\ImageQant\data\generated\images\rec_1161.png,0
2451,E:\ImageQant\data\generated\images\rec_2451.png,1
3619,E:\ImageQant\data\generated\images\rec_3619.png,0
1011,E:\ImageQant\data\generated\images\rec_1011.png,0
1211,E:\ImageQant\data\generated\images\rec_1211.png,0
69,E:\ImageQant\data\generated\images\rec_69.png,0
1978,E:\ImageQant\data\generated\images\rec_1978.png,0
2332,E:\ImageQant\data\generated\images\rec_2332.png,0
4083,E:\ImageQant\data\generated\images\rec_4083.png,0
611,E:\ImageQant\data\generated\images\rec_611.png,0
3502,E:\ImageQant\data\generated\images\rec_3502.png,0
4167,E:\ImageQant\data\generated\images\rec_4167.png,0
1409,E:\ImageQant\data\generated\images\rec_1409.png,0
3909,E:\ImageQant\data\generated\images\rec_3909.png,1
2657,E:\ImageQant\data\generated\images\rec_2657.png,0
3138,E:\ImageQant\data\generated\images\rec_3138.png,0
2158,E:\ImageQant\data\generated\images\rec_2158.png,0
2781,E:\ImageQant\data\generated\images\rec_2781.png,1
1600,E:\ImageQant\data\generated\images\rec_1600.png,0
4155,E:\ImageQant\data\generated\images\rec_4155.png,0
1918,E:\ImageQant\data\generated\images\rec_1918.png,0
3354,E:\ImageQant\data\generated\images\rec_3354.png,0
3116,E:\ImageQant\data\generated\images\rec_3116.png,1
306,E:\ImageQant\data\generated\images\rec_306.png,0
2682,E:\ImageQant\data\generated\images\rec_2682.png,1
2668,E:\ImageQant\data\generated\images\rec_2668.png,0
3348,E:\ImageQant\data\generated\images\rec_3348.png,0
4174,E:\ImageQant\data\generated\images\rec_4174.png,0
1545,E:\ImageQant\data\generated\images\rec_1545.png,0
4378,E:\ImageQant\data\generated\images\rec_4378.png,0
4166,E:\ImageQant\data\generated\images\rec_4166.png,0
3066,E:\ImageQant\data\generated\images\rec_3066.png,0
2518,E:\ImageQant\data\generated\images\rec_2518.png,0
3980,E:\ImageQant\data\generated\images\rec_3980.png,0
4418,E:\ImageQant\data\generated\images\rec_4418.png,0
483,E:\ImageQant\data\generated\images\rec_483.png,0
895,E:\ImageQant\data\generated\images\rec_895.png,1
2403,E:\ImageQant\data\generated\images\rec_2403.png,0
4280,E:\ImageQant\data\generated\images\rec_4280.png,1
695,E:\ImageQant\data\generated\images\rec_695.png,1
1704,E:\ImageQant\data\generated\images\rec_1704.png,0
649,E:\ImageQant\data\generated\images\rec_649.png,0
1643,E:\ImageQant\data\generated\images\rec_1643.png,0
1114,E:\ImageQant\data\generated\images\rec_1114.png,0
2635,E:\ImageQant\data\generated\images\rec_2635.png,1
124,E:\ImageQant\data\generated\images\rec_124.png,0
2321,E:\ImageQant\data\generated\images\rec_2321.png,0
4256,E:\ImageQant\data\generated\images\rec_4256.png,0
2046,E:\ImageQant\data\generated\images\rec_2046.png,1
1106,E:\ImageQant\data\generated\images\rec_1106.png,1
3962,E:\ImageQant\data\generated\images\rec_3962.png,0
2202,E:\ImageQant\data\generated\images\rec_2202.png,0
1355,E:\ImageQant\data\generated\images\rec_1355.png,0
1576,E:\ImageQant\data\generated\images\rec_1576.png,1
1754,E:\ImageQant\data\generated\images\rec_1754.png,1
3002,E:\ImageQant\data\generated\images\rec_3002.png,1
1570,E:\ImageQant\data\generated\images\rec_1570.png,0
2808,E:\ImageQant\data\generated\images\rec_2808.png,0
4296,E:\ImageQant\data\generated\images\rec_4296.png,0
1713,E:\ImageQant\data\generated\images\rec_1713.png,0
3115,E:\ImageQant\data\generated\images\rec_3115.png,0
3251,E:\ImageQant\data\generated\images\rec_3251.png,0
3091,E:\ImageQant\data\generated\images\rec_3091.png,0
2567,E:\ImageQant\data\generated\images\rec_2567.png,0
369,E:\ImageQant\data\generated\images\rec_369.png,1
2516,E:\ImageQant\data\generated\images\rec_2516.png,0
1875,E:\ImageQant\data\generated\images\rec_1875.png,0
833,E:\ImageQant\data\generated\images\rec_833.png,1
1641,E:\ImageQant\data\generated\images\rec_1641.png,0
2444,E:\ImageQant\data\generated\images\rec_2444.png,1
3161,E:\ImageQant\data\generated\images\rec_3161.png,0
3204,E:\ImageQant\data\generated\images\rec_3204.png,1
3836,E:\ImageQant\data\generated\images\rec_3836.png,1
1969,E:\ImageQant\data\generated\images\rec_1969.png,0
710,E:\ImageQant\data\generated\images\rec_710.png,1
3143,E:\ImageQant\data\generated\images\rec_3143.png,0
1975,E:\ImageQant\data\generated\images\rec_1975.png,1
2662,E:\ImageQant\data\generated\images\rec_2662.png,1
348,E:\ImageQant\data\generated\images\rec_348.png,0
3247,E:\ImageQant\data\generated\images\rec_3247.png,0
475,E:\ImageQant\data\generated\images\rec_475.png,0
945,E:\ImageQant\data\generated\images\rec_945.png,0
1215,E:\ImageQant\data\generated\images\rec_1215.png,0
432,E:\ImageQant\data\generated\images\rec_432.png,0
4385,E:\ImageQant\data\generated\images\rec_4385.png,1
3047,E:\ImageQant\data\generated\images\rec_3047.png,1
1205,E:\ImageQant\data\generated\images\rec_1205.png,0
3516,E:\ImageQant\data\generated\images\rec_3516.png,1
3786,E:\ImageQant\data\generated\images\rec_3786.png,1
4383,E:\ImageQant\data\generated\images\rec_4383.png,0
3306,E:\ImageQant\data\generated\images\rec_3306.png,0
3087,E:\ImageQant\data\generated\images\rec_3087.png,0
136,E:\ImageQant\data\generated\images\rec_136.png,0
1085,E:\ImageQant\data\generated\images\rec_1085.png,1
1465,E:\ImageQant\data\generated\images\rec_1465.png,0
1919,E:\ImageQant\data\generated\images\rec_1919.png,0
3467,E:\ImageQant\data\generated\images\rec_3467.png,0
3535,E:\ImageQant\data\generated\images\rec_3535.png,1
3761,E:\ImageQant\data\generated\images\rec_3761.png,1
2611,E:\ImageQant\data\generated\images\rec_2611.png,0
3034,E:\ImageQant\data\generated\images\rec_3034.png,0
4141,E:\ImageQant\data\generated\images\rec_4141.png,1
1547,E:\ImageQant\data\generated\images\rec_1547.png,1
2372,E:\ImageQant\data\generated\images\rec_2372.png,0
2219,E:\ImageQant\data\generated\images\rec_2219.png,0
2416,E:\ImageQant\data\generated\images\rec_2416.png,1
1624,E:\ImageQant\data\generated\images\rec_1624.png,1
2818,E:\ImageQant\data\generated\images\rec_2818.png,0
2404,E:\ImageQant\data\generated\images\rec_2404.png,1
2980,E:\ImageQant\data\generated\images\rec_2980.png,0
1832,E:\ImageQant\data\generated\images\rec_1832.png,0
3646,E:\ImageQant\data\generated\images\rec_3646.png,0
3551,E:\ImageQant\data\generated\images\rec_3551.png,1
2281,E:\ImageQant\data\generated\images\rec_2281.png,0
1246,E:\ImageQant\data\generated\images\rec_1246.png,0
3109,E:\ImageQant\data\generated\images\rec_3109.png,0
3307,E:\ImageQant\data\generated\images\rec_3307.png,0
2719,E:\ImageQant\data\generated\images\rec_2719.png,0
3916,E:\ImageQant\data\generated\images\rec_3916.png,0
2841,E:\ImageQant\data\generated\images\rec_2841.png,0
1690,E:\ImageQant\data\generated\images\rec_1690.png,1
107,E:\ImageQant\data\generated\images\rec_107.png,1
997,E:\ImageQant\data\generated\images\rec_997.png,0
1911,E:\ImageQant\data\generated\images\rec_1911.png,0
2436,E:\ImageQant\data\generated\images\rec_2436.png,0
1997,E:\ImageQant\data\generated\images\rec_1997.png,0
954,E:\ImageQant\data\generated\images\rec_954.png,1
3689,E:\ImageQant\data\generated\images\rec_3689.png,0
2631,E:\ImageQant\data\generated\images\rec_2631.png,1
1605,E:\ImageQant\data\generated\images\rec_1605.png,0
3776,E:\ImageQant\data\generated\images\rec_3776.png,0
4173,E:\ImageQant\data\generated\images\rec_4173.png,0
827,E:\ImageQant\data\generated\images\rec_827.png,0
717,E:\ImageQant\data\generated\images\rec_717.png,1
3666,E:\ImageQant\data\generated\images\rec_3666.png,1
561,E:\ImageQant\data\generated\images\rec_561.png,0
1905,E:\ImageQant\data\generated\images\rec_1905.png,0
2940,E:\ImageQant\data\generated\images\rec_2940.png,0
1930,E:\ImageQant\data\generated\images\rec_1930.png,0
163,E:\ImageQant\data\generated\images\rec_163.png,1
103,E:\ImageQant\data\generated\images\rec_103.png,0
1359,E:\ImageQant\data\generated\images\rec_1359.png,1
1097,E:\ImageQant\data\generated\images\rec_1097.png,0
4056,E:\ImageQant\data\generated\images\rec_4056.png,0
1780,E:\ImageQant\data\generated\images\rec_1780.png,0
3473,E:\ImageQant\data\generated\images\rec_3473.png,1
834,E:\ImageQant\data\generated\images\rec_834.png,1
2909,E:\ImageQant\data\generated\images\rec_2909.png,1
2771,E:\ImageQant\data\generated\images\rec_2771.png,0
2801,E:\ImageQant\data\generated\images\rec_2801.png,1
1505,E:\ImageQant\data\generated\images\rec_1505.png,1
3611,E:\ImageQant\data\generated\images\rec_3611.png,0
3729,E:\ImageQant\data\generated\images\rec_3729.png,0
3196,E:\ImageQant\data\generated\images\rec_3196.png,0
2595,E:\ImageQant\data\generated\images\rec_2595.png,0
4158,E:\ImageQant\data\generated\images\rec_4158.png,0
789,E:\ImageQant\data\generated\images\rec_789.png,0
4223,E:\ImageQant\data\generated\images\rec_4223.png,0
3739,E:\ImageQant\data\generated\images\rec_3739.png,1
4400,E:\ImageQant\data\generated\images\rec_4400.png,1
3265,E:\ImageQant\data\generated\images\rec_3265.png,0
1176,E:\ImageQant\data\generated\images\rec_1176.png,0
4097,E:\ImageQant\data\generated\images\rec_4097.png,0
330,E:\ImageQant\data\generated\images\rec_330.png,0
3540,E:\ImageQant\data\generated\images\rec_3540.png,1
3650,E:\ImageQant\data\generated\images\rec_3650.png,0
3060,E:\ImageQant\data\generated\images\rec_3060.png,0
2636,E:\ImageQant\data\generated\images\rec_2636.png,1
559,E:\ImageQant\data\generated\images\rec_559.png,0
165,E:\ImageQant\data\generated\images\rec_165.png,0
1866,E:\ImageQant\data\generated\images\rec_1866.png,1
4306,E:\ImageQant\data\generated\images\rec_4306.png,1
3968,E:\ImageQant\data\generated\images\rec_3968.png,0
3230,E:\ImageQant\data\generated\images\rec_3230.png,0
4098,E:\ImageQant\data\generated\images\rec_4098.png,1
1014,E:\ImageQant\data\generated\images\rec_1014.png,0
28,E:\ImageQant\data\generated\images\rec_28.png,0
148,E:\ImageQant\data\generated\images\rec_148.png,0
4402,E:\ImageQant\data\generated\images\rec_4402.png,0
909,E:\ImageQant\data\generated\images\rec_909.png,1
4320,E:\ImageQant\data\generated\images\rec_4320.png,0
2629,E:\ImageQant\data\generated\images\rec_2629.png,0
4148,E:\ImageQant\data\generated\images\rec_4148.png,0
259,E:\ImageQant\data\generated\images\rec_259.png,1
2449,E:\ImageQant\data\generated\images\rec_2449.png,1
1785,E:\ImageQant\data\generated\images\rec_1785.png,0
4322,E:\ImageQant\data\generated\images\rec_4322.png,1
272,E:\ImageQant\data\generated\images\rec_272.png,0
2810,E:\ImageQant\data\generated\images\rec_2810.png,0
2435,E:\ImageQant\data\generated\images\rec_2435.png,0
579,E:\ImageQant\data\generated\images\rec_579.png,0
190,E:\ImageQant\data\generated\images\rec_190.png,0
397,E:\ImageQant\data\generated\images\rec_397.png,0
396,E:\ImageQant\data\generated\images\rec_396.png,0
1365,E:\ImageQant\data\generated\images\rec_1365.png,1
403,E:\ImageQant\data\generated\images\rec_403.png,0
3741,E:\ImageQant\data\generated\images\rec_3741.png,0
2464,E:\ImageQant\data\generated\images\rec_2464.png,1
2340,E:\ImageQant\data\generated\images\rec_2340.png,1
3554,E:\ImageQant\data\generated\images\rec_3554.png,0
3349,E:\ImageQant\data\generated\images\rec_3349.png,1
1166,E:\ImageQant\data\generated\images\rec_1166.png,1
655,E:\ImageQant\data\generated\images\rec_655.png,0
1323,E:\ImageQant\data\generated\images\rec_1323.png,0
2510,E:\ImageQant\data\generated\images\rec_2510.png,1
420,E:\ImageQant\data\generated\images\rec_420.png,0
331,E:\ImageQant\data\generated\images\rec_331.png,1
468,E:\ImageQant\data\generated\images\rec_468.png,0
822,E:\ImageQant\data\generated\images\rec_822.png,0
1084,E:\ImageQant\data\generated\images\rec_1084.png,0
2115,E:\ImageQant\data\generated\images\rec_2115.png,1
4408,E:\ImageQant\data\generated\images\rec_4408.png,1
871,E:\ImageQant\data\generated\images\rec_871.png,1
40,E:\ImageQant\data\generated\images\rec_40.png,1
3717,E:\ImageQant\data\generated\images\rec_3717.png,0
85,E:\ImageQant\data\generated\images\rec_85.png,0
2101,E:\ImageQant\data\generated\images\rec_2101.png,0
509,E:\ImageQant\data\generated\images\rec_509.png,1
327,E:\ImageQant\data\generated\images\rec_327.png,0
4260,E:\ImageQant\data\generated\images\rec_4260.png,1
1237,E:\ImageQant\data\generated\images\rec_1237.png,1
1728,E:\ImageQant\data\generated\images\rec_1728.png,1
1076,E:\ImageQant\data\generated\images\rec_1076.png,1
1579,E:\ImageQant\data\generated\images\rec_1579.png,0
3216,E:\ImageQant\data\generated\images\rec_3216.png,1
686,E:\ImageQant\data\generated\images\rec_686.png,1
915,E:\ImageQant\data\generated\images\rec_915.png,0
2901,E:\ImageQant\data\generated\images\rec_2901.png,1
2659,E:\ImageQant\data\generated\images\rec_2659.png,1
102,E:\ImageQant\data\generated\images\rec_102.png,1
2616,E:\ImageQant\data\generated\images\rec_2616.png,1
3387,E:\ImageQant\data\generated\images\rec_3387.png,0
8,E:\ImageQant\data\generated\images\rec_8.png,0
3685,E:\ImageQant\data\generated\images\rec_3685.png,1
3293,E:\ImageQant\data\generated\images\rec_3293.png,0
1271,E:\ImageQant\data\generated\images\rec_1271.png,0
2728,E:\ImageQant\data\generated\images\rec_2728.png,0
2916,E:\ImageQant\data\generated\images\rec_2916.png,0
4419,E:\ImageQant\data\generated\images\rec_4419.png,0
9,E:\ImageQant\data\generated\images\rec_9.png,1
1314,E:\ImageQant\data\generated\images\rec_1314.png,0
1061,E:\ImageQant\data\generated\images\rec_1061.png,1
3232,E:\ImageQant\data\generated\images\rec_3232.png,0
3151,E:\ImageQant\data\generated\images\rec_3151.png,1
1260,E:\ImageQant\data\generated\images\rec_1260.png,0
3804,E:\ImageQant\data\generated\images\rec_3804.png,1
3732,E:\ImageQant\data\generated\images\rec_3732.png,0
4303,E:\ImageQant\data\generated\images\rec_4303.png,1
2613,E:\ImageQant\data\generated\images\rec_2613.png,1
1214,E:\ImageQant\data\generated\images\rec_1214.png,0
66,E:\ImageQant\data\generated\images\rec_66.png,0
473,E:\ImageQant\data\generated\images\rec_473.png,0
3429,E:\ImageQant\data\generated\images\rec_3429.png,1
4,E:\ImageQant\data\generated\images\rec_4.png,0
1308,E:\ImageQant\data\generated\images\rec_1308.png,0
2394,E:\ImageQant\data\generated\images\rec_2394.png,0
4348,E:\ImageQant\data\generated\images\rec_4348.png,0
1383,E:\ImageQant\data\generated\images\rec_1383.png,0
1843,E:\ImageQant\data\generated\images\rec_1843.png,0
2458,E:\ImageQant\data\generated\images\rec_2458.png,1
3076,E:\ImageQant\data\generated\images\rec_3076.png,1
386,E:\ImageQant\data\generated\images\rec_386.png,0
412,E:\ImageQant\data\generated\images\rec_412.png,0
1002,E:\ImageQant\data\generated\images\rec_1002.png,0
1738,E:\ImageQant\data\generated\images\rec_1738.png,0
4063,E:\ImageQant\data\generated\images\rec_4063.png,0
886,E:\ImageQant\data\generated\images\rec_886.png,0
2601,E:\ImageQant\data\generated\images\rec_2601.png,0
3403,E:\ImageQant\data\generated\images\rec_3403.png,0
3664,E:\ImageQant\data\generated\images\rec_3664.png,1
999,E:\ImageQant\data\generated\images\rec_999.png,1
4031,E:\ImageQant\data\generated\images\rec_4031.png,0
281,E:\ImageQant\data\generated\images\rec_281.png,0
646,E:\ImageQant\data\generated\images\rec_646.png,0
2675,E:\ImageQant\data\generated\images\rec_2675.png,0
2246,E:\ImageQant\data\generated\images\rec_2246.png,0
749,E:\ImageQant\data\generated\images\rec_749.png,0
4138,E:\ImageQant\data\generated\images\rec_4138.png,1
1656,E:\ImageQant\data\generated\images\rec_1656.png,0
3081,E:\ImageQant\data\generated\images\rec_3081.png,0
4362,E:\ImageQant\data\generated\images\rec_4362.png,0
3133,E:\ImageQant\data\generated\images\rec_3133.png,0
441,E:\ImageQant\data\generated\images\rec_441.png,0
2504,E:\ImageQant\data\generated\images\rec_2504.png,1
1736,E:\ImageQant\data\generated\images\rec_1736.png,0
4073,E:\ImageQant\data\generated\images\rec_4073.png,0
3675,E:\ImageQant\data\generated\images\rec_3675.png,0
1051,E:\ImageQant\data\generated\images\rec_1051.png,0
4363,E:\ImageQant\data\generated\images\rec_4363.png,1
781,E:\ImageQant\data\generated\images\rec_781.png,1
2678,E:\ImageQant\data\generated\images\rec_2678.png,0
1739,E:\ImageQant\data\generated\images\rec_1739.png,1
2815,E:\ImageQant\data\generated\images\rec_2815.png,0
3313,E:\ImageQant\data\generated\images\rec_3313.png,0
3073,E:\ImageQant\data\generated\images\rec_3073.png,0
3086,E:\ImageQant\data\generated\images\rec_3086.png,0
1023,E:\ImageQant\data\generated\images\rec_1023.png,0
601,E:\ImageQant\data\generated\images\rec_601.png,1
2799,E:\ImageQant\data\generated\images\rec_2799.png,1
995,E:\ImageQant\data\generated\images\rec_995.png,0
1467,E:\ImageQant\data\generated\images\rec_1467.png,0
19,E:\ImageQant\data\generated\images\rec_19.png,0
2620,E:\ImageQant\data\generated\images\rec_2620.png,0
1089,E:\ImageQant\data\generated\images\rec_1089.png,0
2626,E:\ImageQant\data\generated\images\rec_2626.png,0
1092,E:\ImageQant\data\generated\images\rec_1092.png,0
3077,E:\ImageQant\data\generated\images\rec_3077.png,0
741,E:\ImageQant\data\generated\images\rec_741.png,0
3967,E:\ImageQant\data\generated\images\rec_3967.png,0
1585,E:\ImageQant\data\generated\images\rec_1585.png,0
4088,E:\ImageQant\data\generated\images\rec_4088.png,0
1775,E:\ImageQant\data\generated\images\rec_1775.png,1
1551,E:\ImageQant\data\generated\images\rec_1551.png,0
3043,E:\ImageQant\data\generated\images\rec_3043.png,0
3368,E:\ImageQant\data\generated\images\rec_3368.png,0
897,E:\ImageQant\data\generated\images\rec_897.png,0
2782,E:\ImageQant\data\generated\images\rec_2782.png,0
2993,E:\ImageQant\data\generated\images\rec_2993.png,0
4272,E:\ImageQant\data\generated\images\rec_4272.png,0
1707,E:\ImageQant\data\generated\images\rec_1707.png,0
2028,E:\ImageQant\data\generated\images\rec_2028.png,0
648,E:\ImageQant\data\generated\images\rec_648.png,0
4267,E:\ImageQant\data\generated\images\rec_4267.png,0
2399,E:\ImageQant\data\generated\images\rec_2399.png,0
1452,E:\ImageQant\data\generated\images\rec_1452.png,1
2811,E:\ImageQant\data\generated\images\rec_2811.png,1
2432,E:\ImageQant\data\generated\images\rec_2432.png,1
1558,E:\ImageQant\data\generated\images\rec_1558.png,1
3636,E:\ImageQant\data\generated\images\rec_3636.png,0
1496,E:\ImageQant\data\generated\images\rec_1496.png,0
3660,E:\ImageQant\data\generated\images\rec_3660.png,1
2726,E:\ImageQant\data\generated\images\rec_2726.png,0
31,E:\ImageQant\data\generated\images\rec_31.png,0
2060,E:\ImageQant\data\generated\images\rec_2060.png,0
3025,E:\ImageQant\data\generated\images\rec_3025.png,0
278,E:\ImageQant\data\generated\images\rec_278.png,0
2262,E:\ImageQant\data\generated\images\rec_2262.png,1
176,E:\ImageQant\data\generated\images\rec_176.png,0
2472,E:\ImageQant\data\generated\images\rec_2472.png,1
3882,E:\ImageQant\data\generated\images\rec_3882.png,1
2369,E:\ImageQant\data\generated\images\rec_2369.png,1
2656,E:\ImageQant\data\generated\images\rec_2656.png,0
433,E:\ImageQant\data\generated\images\rec_433.png,1
2618,E:\ImageQant\data\generated\images\rec_2618.png,1
2933,E:\ImageQant\data\generated\images\rec_2933.png,0
3347,E:\ImageQant\data\generated\images\rec_3347.png,1
425,E:\ImageQant\data\generated\images\rec_425.png,0
3654,E:\ImageQant\data\generated\images\rec_3654.png,0
2118,E:\ImageQant\data\generated\images\rec_2118.png,0
2562,E:\ImageQant\data\generated\images\rec_2562.png,1
388,E:\ImageQant\data\generated\images\rec_388.png,0
219,E:\ImageQant\data\generated\images\rec_219.png,1
1397,E:\ImageQant\data\generated\images\rec_1397.png,0
2295,E:\ImageQant\data\generated\images\rec_2295.png,0
3665,E:\ImageQant\data\generated\images\rec_3665.png,0
1555,E:\ImageQant\data\generated\images\rec_1555.png,0
680,E:\ImageQant\data\generated\images\rec_680.png,0
2387,E:\ImageQant\data\generated\images\rec_2387.png,0
3960,E:\ImageQant\data\generated\images\rec_3960.png,1
3659,E:\ImageQant\data\generated\images\rec_3659.png,0
253,E:\ImageQant\data\generated\images\rec_253.png,0
307,E:\ImageQant\data\generated\images\rec_307.png,1
3979,E:\ImageQant\data\generated\images\rec_3979.png,0
2535,E:\ImageQant\data\generated\images\rec_2535.png,0
2610,E:\ImageQant\data\generated\images\rec_2610.png,0
1093,E:\ImageQant\data\generated\images\rec_1093.png,1
3852,E:\ImageQant\data\generated\images\rec_3852.png,1
2558,E:\ImageQant\data\generated\images\rec_2558.png,0
4205,E:\ImageQant\data\generated\images\rec_4205.png,0
1410,E:\ImageQant\data\generated\images\rec_1410.png,1
2770,E:\ImageQant\data\generated\images\rec_2770.png,0
3608,E:\ImageQant\data\generated\images\rec_3608.png,1
4323,E:\ImageQant\data\generated\images\rec_4323.png,1
3338,E:\ImageQant\data\generated\images\rec_3338.png,1
1720,E:\ImageQant\data\generated\images\rec_1720.png,0
2132,E:\ImageQant\data\generated\images\rec_2132.png,0
1380,E:\ImageQant\data\generated\images\rec_1380.png,0
357,E:\ImageQant\data\generated\images\rec_357.png,1
2752,E:\ImageQant\data\generated\images\rec_2752.png,1
3167,E:\ImageQant\data\generated\images\rec_3167.png,1
1332,E:\ImageQant\data\generated\images\rec_1332.png,1
1601,E:\ImageQant\data\generated\images\rec_1601.png,0
3289,E:\ImageQant\data\generated\images\rec_3289.png,0
3446,E:\ImageQant\data\generated\images\rec_3446.png,1
3376,E:\ImageQant\data\generated\images\rec_3376.png,0
1368,E:\ImageQant\data\generated\images\rec_1368.png,1
24,E:\ImageQant\data\generated\images\rec_24.png,0
3998,E:\ImageQant\data\generated\images\rec_3998.png,1
1155,E:\ImageQant\data\generated\images\rec_1155.png,0
147,E:\ImageQant\data\generated\images\rec_147.png,1
2794,E:\ImageQant\data\generated\images\rec_2794.png,0
1793,E:\ImageQant\data\generated\images\rec_1793.png,1
2976,E:\ImageQant\data\generated\images\rec_2976.png,0
2809,E:\ImageQant\data\generated\images\rec_2809.png,0
3504,E:\ImageQant\data\generated\images\rec_3504.png,0
2738,E:\ImageQant\data\generated\images\rec_2738.png,0
2669,E:\ImageQant\data\generated\images\rec_2669.png,1
355,E:\ImageQant\data\generated\images\rec_355.png,0
195,E:\ImageQant\data\generated\images\rec_195.png,1
1567,E:\ImageQant\data\generated\images\rec_1567.png,0
2532,E:\ImageQant\data\generated\images\rec_2532.png,0
4225,E:\ImageQant\data\generated\images\rec_4225.png,0
4012,E:\ImageQant\data\generated\images\rec_4012.png,1
1565,E:\ImageQant\data\generated\images\rec_1565.png,0
3653,E:\ImageQant\data\generated\images\rec_3653.png,0
4368,E:\ImageQant\data\generated\images\rec_4368.png,1
3787,E:\ImageQant\data\generated\images\rec_3787.png,1
3388,E:\ImageQant\data\generated\images\rec_3388.png,0
182,E:\ImageQant\data\generated\images\rec_182.png,1
2441,E:\ImageQant\data\generated\images\rec_2441.png,0
1663,E:\ImageQant\data\generated\images\rec_1663.png,0
3623,E:\ImageQant\data\generated\images\rec_3623.png,1
153,E:\ImageQant\data\generated\images\rec_153.png,0
2697,E:\ImageQant\data\generated\images\rec_2697.png,0
1540,E:\ImageQant\data\generated\images\rec_1540.png,1
37,E:\ImageQant\data\generated\images\rec_37.png,1
4216,E:\ImageQant\data\generated\images\rec_4216.png,1
552,E:\ImageQant\data\generated\images\rec_552.png,1
2061,E:\ImageQant\data\generated\images\rec_2061.png,0
3273,E:\ImageQant\data\generated\images\rec_3273.png,0
261,E:\ImageQant\data\generated\images\rec_261.png,1
1233,E:\ImageQant\data\generated\images\rec_1233.png,0
558,E:\ImageQant\data\generated\images\rec_558.png,0
30,E:\ImageQant\data\generated\images\rec_30.png,0
2290,E:\ImageQant\data\generated\images\rec_2290.png,1
1241,E:\ImageQant\data\generated\images\rec_1241.png,1
1550,E:\ImageQant\data\generated\images\rec_1550.png,0
309,E:\ImageQant\data\generated\images\rec_309.png,1
3947,E:\ImageQant\data\generated\images\rec_3947.png,1
2117,E:\ImageQant\data\generated\images\rec_2117.png,1
582,E:\ImageQant\data\generated\images\rec_582.png,0
3977,E:\ImageQant\data\generated\images\rec_3977.png,0
2072,E:\ImageQant\data\generated\images\rec_2072.png,0
515,E:\ImageQant\data\generated\images\rec_515.png,1
2417,E:\ImageQant\data\generated\images\rec_2417.png,0
3249,E:\ImageQant\data\generated\images\rec_3249.png,0
56,E:\ImageQant\data\generated\images\rec_56.png,1
864,E:\ImageQant\data\generated\images\rec_864.png,1
63,E:\ImageQant\data\generated\images\rec_63.png,0
91,E:\ImageQant\data\generated\images\rec_91.png,0
2065,E:\ImageQant\data\generated\images\rec_2065.png,0
3822,E:\ImageQant\data\generated\images\rec_3822.png,0
918,E:\ImageQant\data\generated\images\rec_918.png,0
482,E:\ImageQant\data\generated\images\rec_482.png,1
73,E:\ImageQant\data\generated\images\rec_73.png,1
3602,E:\ImageQant\data\generated\images\rec_3602.png,0
537,E:\ImageQant\data\generated\images\rec_537.png,0
854,E:\ImageQant\data\generated\images\rec_854.png,0
2000,E:\ImageQant\data\generated\images\rec_2000.png,1
586,E:\ImageQant\data\generated\images\rec_586.png,0
1247,E:\ImageQant\data\generated\images\rec_1247.png,1
783,E:\ImageQant\data\generated\images\rec_783.png,0
1322,E:\ImageQant\data\generated\images\rec_1322.png,0
3529,E:\ImageQant\data\generated\images\rec_3529.png,0
4384,E:\ImageQant\data\generated\images\rec_4384.png,1
4187,E:\ImageQant\data\generated\images\rec_4187.png,0
2008,E:\ImageQant\data\generated\images\rec_2008.png,0
1250,E:\ImageQant\data\generated\images\rec_1250.png,0
2185,E:\ImageQant\data\generated\images\rec_2185.png,0
2280,E:\ImageQant\data\generated\images\rec_2280.png,0
1853,E:\ImageQant\data\generated\images\rec_1853.png,0
1659,E:\ImageQant\data\generated\images\rec_1659.png,0
2388,E:\ImageQant\data\generated\images\rec_2388.png,1
4212,E:\ImageQant\data\generated\images\rec_4212.png,0
943,E:\ImageQant\data\generated\images\rec_943.png,1
1016,E:\ImageQant\data\generated\images\rec_1016.png,1
4409,E:\ImageQant\data\generated\images\rec_4409.png,0
4213,E:\ImageQant\data\generated\images\rec_4213.png,0
1064,E:\ImageQant\data\generated\images\rec_1064.png,0
940,E:\ImageQant\data\generated\images\rec_940.png,0
4011,E:\ImageQant\data\generated\images\rec_4011.png,0
3813,E:\ImageQant\data\generated\images\rec_3813.png,0
1749,E:\ImageQant\data\generated\images\rec_1749.png,1
2081,E:\ImageQant\data\generated\images\rec_2081.png,0
1985,E:\ImageQant\data\generated\images\rec_1985.png,0
2184,E:\ImageQant\data\generated\images\rec_2184.png,0
379,E:\ImageQant\data\generated\images\rec_379.png,0
4060,E:\ImageQant\data\generated\images\rec_4060.png,0
983,E:\ImageQant\data\generated\images\rec_983.png,0
1066,E:\ImageQant\data\generated\images\rec_1066.png,0
724,E:\ImageQant\data\generated\images\rec_724.png,1
2985,E:\ImageQant\data\generated\images\rec_2985.png,0
1376,E:\ImageQant\data\generated\images\rec_1376.png,0
215,E:\ImageQant\data\generated\images\rec_215.png,0
2142,E:\ImageQant\data\generated\images\rec_2142.png,0
234,E:\ImageQant\data\generated\images\rec_234.png,1
4420,E:\ImageQant\data\generated\images\rec_4420.png,1
1885,E:\ImageQant\data\generated\images\rec_1885.png,0
185,E:\ImageQant\data\generated\images\rec_185.png,1
232,E:\ImageQant\data\generated\images\rec_232.png,0
2255,E:\ImageQant\data\generated\images\rec_2255.png,1
3304,E:\ImageQant\data\generated\images\rec_3304.png,0
3294,E:\ImageQant\data\generated\images\rec_3294.png,0
1483,E:\ImageQant\data\generated\images\rec_1483.png,0
956,E:\ImageQant\data\generated\images\rec_956.png,0
654,E:\ImageQant\data\generated\images\rec_654.png,0
1658,E:\ImageQant\data\generated\images\rec_1658.png,0
2874,E:\ImageQant\data\generated\images\rec_2874.png,1
2359,E:\ImageQant\data\generated\images\rec_2359.png,1
1276,E:\ImageQant\data\generated\images\rec_1276.png,0
3212,E:\ImageQant\data\generated\images\rec_3212.png,0
957,E:\ImageQant\data\generated\images\rec_957.png,0
2822,E:\ImageQant\data\generated\images\rec_2822.png,0
3887,E:\ImageQant\data\generated\images\rec_3887.png,0
709,E:\ImageQant\data\generated\images\rec_709.png,1
3351,E:\ImageQant\data\generated\images\rec_3351.png,1
715,E:\ImageQant\data\generated\images\rec_715.png,0
2572,E:\ImageQant\data\generated\images\rec_2572.png,0
826,E:\ImageQant\data\generated\images\rec_826.png,1
3777,E:\ImageQant\data\generated\images\rec_3777.png,0
3474,E:\ImageQant\data\generated\images\rec_3474.png,1
1095,E:\ImageQant\data\generated\images\rec_1095.png,1
1461,E:\ImageQant\data\generated\images\rec_1461.png,0
2526,E:\ImageQant\data\generated\images\rec_2526.png,1
1102,E:\ImageQant\data\generated\images\rec_1102.png,0
1039,E:\ImageQant\data\generated\images\rec_1039.png,0
587,E:\ImageQant\data\generated\images\rec_587.png,0
2519,E:\ImageQant\data\generated\images\rec_2519.png,0
173,E:\ImageQant\data\generated\images\rec_173.png,0
966,E:\ImageQant\data\generated\images\rec_966.png,1
2737,E:\ImageQant\data\generated\images\rec_2737.png,1
302,E:\ImageQant\data\generated\images\rec_302.png,0
500,E:\ImageQant\data\generated\images\rec_500.png,0
676,E:\ImageQant\data\generated\images\rec_676.png,0
2024,E:\ImageQant\data\generated\images\rec_2024.png,0
790,E:\ImageQant\data\generated\images\rec_790.png,0
2331,E:\ImageQant\data\generated\images\rec_2331.png,1
3800,E:\ImageQant\data\generated\images\rec_3800.png,1
2456,E:\ImageQant\data\generated\images\rec_2456.png,0
1828,E:\ImageQant\data\generated\images\rec_1828.png,1
3523,E:\ImageQant\data\generated\images\rec_3523.png,0
4132,E:\ImageQant\data\generated\images\rec_4132.png,0
1988,E:\ImageQant\data\generated\images\rec_1988.png,0
3780,E:\ImageQant\data\generated\images\rec_3780.png,0
2893,E:\ImageQant\data\generated\images\rec_2893.png,1
528,E:\ImageQant\data\generated\images\rec_528.png,1
1328,E:\ImageQant\data\generated\images\rec_1328.png,0
3509,E:\ImageQant\data\generated\images\rec_3509.png,0
3862,E:\ImageQant\data\generated\images\rec_3862.png,0
2712,E:\ImageQant\data\generated\images\rec_2712.png,1
70,E:\ImageQant\data\generated\images\rec_70.png,0
3864,E:\ImageQant\data\generated\images\rec_3864.png,1
2133,E:\ImageQant\data\generated\images\rec_2133.png,0
1932,E:\ImageQant\data\generated\images\rec_1932.png,0
4182,E:\ImageQant\data\generated\images\rec_4182.png,1
2520,E:\ImageQant\data\generated\images\rec_2520.png,0
3740,E:\ImageQant\data\generated\images\rec_3740.png,1
317,E:\ImageQant\data\generated\images\rec_317.png,0
1665,E:\ImageQant\data\generated\images\rec_1665.png,0
2381,E:\ImageQant\data\generated\images\rec_2381.png,0
1199,E:\ImageQant\data\generated\images\rec_1199.png,0
2480,E:\ImageQant\data\generated\images\rec_2480.png,0
131,E:\ImageQant\data\generated\images\rec_131.png,0
2989,E:\ImageQant\data\generated\images\rec_2989.png,0
3774,E:\ImageQant\data\generated\images\rec_3774.png,0
1156,E:\ImageQant\data\generated\images\rec_1156.png,1
3785,E:\ImageQant\data\generated\images\rec_3785.png,0
2288,E:\ImageQant\data\generated\images\rec_2288.png,0
2508,E:\ImageQant\data\generated\images\rec_2508.png,0
203,E:\ImageQant\data\generated\images\rec_203.png,0
846,E:\ImageQant\data\generated\images\rec_846.png,0
4102,E:\ImageQant\data\generated\images\rec_4102.png,0
1090,E:\ImageQant\data\generated\images\rec_1090.png,0
2239,E:\ImageQant\data\generated\images\rec_2239.png,0
3745,E:\ImageQant\data\generated\images\rec_3745.png,0
3437,E:\ImageQant\data\generated\images\rec_3437.png,0
888,E:\ImageQant\data\generated\images\rec_888.png,0
1732,E:\ImageQant\data\generated\images\rec_1732.png,1
178,E:\ImageQant\data\generated\images\rec_178.png,1
65,E:\ImageQant\data\generated\images\rec_65.png,1
1296,E:\ImageQant\data\generated\images\rec_1296.png,1
2958,E:\ImageQant\data\generated\images\rec_2958.png,1
2114,E:\ImageQant\data\generated\images\rec_2114.png,1
292,E:\ImageQant\data\generated\images\rec_292.png,0
1219,E:\ImageQant\data\generated\images\rec_1219.png,0
3450,E:\ImageQant\data\generated\images\rec_3450.png,0
4181,E:\ImageQant\data\generated\images\rec_4181.png,1
179,E:\ImageQant\data\generated\images\rec_179.png,1
226,E:\ImageQant\data\generated\images\rec_226.png,0
4379,E:\ImageQant\data\generated\images\rec_4379.png,1
2897,E:\ImageQant\data\generated\images\rec_2897.png,0
977,E:\ImageQant\data\generated\images\rec_977.png,0
2860,E:\ImageQant\data\generated\images\rec_2860.png,0
2279,E:\ImageQant\data\generated\images\rec_2279.png,1
2977,E:\ImageQant\data\generated\images\rec_2977.png,1
2362,E:\ImageQant\data\generated\images\rec_2362.png,0
2199,E:\ImageQant\data\generated\images\rec_2199.png,1
3655,E:\ImageQant\data\generated\images\rec_3655.png,0
831,E:\ImageQant\data\generated\images\rec_831.png,1
3488,E:\ImageQant\data\generated\images\rec_3488.png,1
2011,E:\ImageQant\data\generated\images\rec_2011.png,0
3514,E:\ImageQant\data\generated\images\rec_3514.png,1
3137,E:\ImageQant\data\generated\images\rec_3137.png,0
1325,E:\ImageQant\data\generated\images\rec_1325.png,0
4281,E:\ImageQant\data\generated\images\rec_4281.png,0
3455,E:\ImageQant\data\generated\images\rec_3455.png,0
1852,E:\ImageQant\data\generated\images\rec_1852.png,0
340,E:\ImageQant\data\generated\images\rec_340.png,0
3157,E:\ImageQant\data\generated\images\rec_3157.png,1
1183,E:\ImageQant\data\generated\images\rec_1183.png,1
2964,E:\ImageQant\data\generated\images\rec_2964.png,1
484,E:\ImageQant\data\generated\images\rec_484.png,0
960,E:\ImageQant\data\generated\images\rec_960.png,1
3539,E:\ImageQant\data\generated\images\rec_3539.png,0
3435,E:\ImageQant\data\generated\images\rec_3435.png,0
58,E:\ImageQant\data\generated\images\rec_58.png,0
1458,E:\ImageQant\data\generated\images\rec_1458.png,0
3548,E:\ImageQant\data\generated\images\rec_3548.png,1
4095,E:\ImageQant\data\generated\images\rec_4095.png,0
2469,E:\ImageQant\data\generated\images\rec_2469.png,1
3738,E:\ImageQant\data\generated\images\rec_3738.png,0
2784,E:\ImageQant\data\generated\images\rec_2784.png,0
3322,E:\ImageQant\data\generated\images\rec_3322.png,1
2904,E:\ImageQant\data\generated\images\rec_2904.png,1
4412,E:\ImageQant\data\generated\images\rec_4412.png,0
610,E:\ImageQant\data\generated\images\rec_610.png,0
1502,E:\ImageQant\data\generated\images\rec_1502.png,0
2843,E:\ImageQant\data\generated\images\rec_2843.png,1
2437,E:\ImageQant\data\generated\images\rec_2437.png,1
3258,E:\ImageQant\data\generated\images\rec_3258.png,0
1398,E:\ImageQant\data\generated\images\rec_1398.png,0
354,E:\ImageQant\data\generated\images\rec_354.png,1
2563,E:\ImageQant\data\generated\images\rec_2563.png,0
365,E:\ImageQant\data\generated\images\rec_365.png,0
2240,E:\ImageQant\data\generated\images\rec_2240.png,0
2551,E:\ImageQant\data\generated\images\rec_2551.png,0
1700,E:\ImageQant\data\generated\images\rec_1700.png,0
3912,E:\ImageQant\data\generated\images\rec_3912.png,0
2396,E:\ImageQant\data\generated\images\rec_2396.png,1
3945,E:\ImageQant\data\generated\images\rec_3945.png,0
2263,E:\ImageQant\data\generated\images\rec_2263.png,1
3323,E:\ImageQant\data\generated\images\rec_3323.png,1
1534,E:\ImageQant\data\generated\images\rec_1534.png,0
3925,E:\ImageQant\data\generated\images\rec_3925.png,0
4009,E:\ImageQant\data\generated\images\rec_4009.png,1
374,E:\ImageQant\data\generated\images\rec_374.png,1
114,E:\ImageQant\data\generated\images\rec_114.png,1
1993,E:\ImageQant\data\generated\images\rec_1993.png,0
2276,E:\ImageQant\data\generated\images\rec_2276.png,0
2857,E:\ImageQant\data\generated\images\rec_2857.png,1
2581,E:\ImageQant\data\generated\images\rec_2581.png,1
1407,E:\ImageQant\data\generated\images\rec_1407.png,0
2302,E:\ImageQant\data\generated\images\rec_2302.png,0
117,E:\ImageQant\data\generated\images\rec_117.png,0
3939,E:\ImageQant\data\generated\images\rec_3939.png,0
1746,E:\ImageQant\data\generated\images\rec_1746.png,1
250,E:\ImageQant\data\generated\images\rec_250.png,0
2690,E:\ImageQant\data\generated\images\rec_2690.png,1
3863,E:\ImageQant\data\generated\images\rec_3863.png,0
3211,E:\ImageQant\data\generated\images\rec_3211.png,0
3576,E:\ImageQant\data\generated\images\rec_3576.png,0
2761,E:\ImageQant\data\generated\images\rec_2761.png,0
3881,E:\ImageQant\data\generated\images\rec_3881.png,0
2022,E:\ImageQant\data\generated\images\rec_2022.png,1
2058,E:\ImageQant\data\generated\images\rec_2058.png,0
3118,E:\ImageQant\data\generated\images\rec_3118.png,0
3275,E:\ImageQant\data\generated\images\rec_3275.png,0
2608,E:\ImageQant\data\generated\images\rec_2608.png,0
2745,E:\ImageQant\data\generated\images\rec_2745.png,0
2603,E:\ImageQant\data\generated\images\rec_2603.png,1
3269,E:\ImageQant\data\generated\images\rec_3269.png,1
1571,E:\ImageQant\data\generated\images\rec_1571.png,1
1010,E:\ImageQant\data\generated\images\rec_1010.png,0
2205,E:\ImageQant\data\generated\images\rec_2205.png,0
4062,E:\ImageQant\data\generated\images\rec_4062.png,0
2637,E:\ImageQant\data\generated\images\rec_2637.png,0
4395,E:\ImageQant\data\generated\images\rec_4395.png,1
2300,E:\ImageQant\data\generated\images\rec_2300.png,0
3240,E:\ImageQant\data\generated\images\rec_3240.png,0
1357,E:\ImageQant\data\generated\images\rec_1357.png,1
1742,E:\ImageQant\data\generated\images\rec_1742.png,1
598,E:\ImageQant\data\generated\images\rec_598.png,0
1077,E:\ImageQant\data\generated\images\rec_1077.png,1
3425,E:\ImageQant\data\generated\images\rec_3425.png,1
3119,E:\ImageQant\data\generated\images\rec_3119.png,0
3064,E:\ImageQant\data\generated\images\rec_3064.png,0
2829,E:\ImageQant\data\generated\images\rec_2829.png,1
3127,E:\ImageQant\data\generated\images\rec_3127.png,0
3622,E:\ImageQant\data\generated\images\rec_3622.png,0
3305,E:\ImageQant\data\generated\images\rec_3305.png,0
2484,E:\ImageQant\data\generated\images\rec_2484.png,0
1891,E:\ImageQant\data\generated\images\rec_1891.png,0
2168,E:\ImageQant\data\generated\images\rec_2168.png,0
1213,E:\ImageQant\data\generated\images\rec_1213.png,0
1284,E:\ImageQant\data\generated\images\rec_1284.png,0
2872,E:\ImageQant\data\generated\images\rec_2872.png,0
1688,E:\ImageQant\data\generated\images\rec_1688.png,0
1210,E:\ImageQant\data\generated\images\rec_1210.png,1
2854,E:\ImageQant\data\generated\images\rec_2854.png,1
536,E:\ImageQant\data\generated\images\rec_536.png,1
2776,E:\ImageQant\data\generated\images\rec_2776.png,0
1708,E:\ImageQant\data\generated\images\rec_1708.png,1
1967,E:\ImageQant\data\generated\images\rec_1967.png,0
1021,E:\ImageQant\data\generated\images\rec_1021.png,0
1872,E:\ImageQant\data\generated\images\rec_1872.png,0
2560,E:\ImageQant\data\generated\images\rec_2560.png,0
3088,E:\ImageQant\data\generated\images\rec_3088.png,0
2779,E:\ImageQant\data\generated\images\rec_2779.png,0
1917,E:\ImageQant\data\generated\images\rec_1917.png,0
1235,E:\ImageQant\data\generated\images\rec_1235.png,1
2217,E:\ImageQant\data\generated\images\rec_2217.png,1
2653,E:\ImageQant\data\generated\images\rec_2653.png,1
3632,E:\ImageQant\data\generated\images\rec_3632.png,0
755,E:\ImageQant\data\generated\images\rec_755.png,1
1261,E:\ImageQant\data\generated\images\rec_1261.png,1
1862,E:\ImageQant\data\generated\images\rec_1862.png,1
3384,E:\ImageQant\data\generated\images\rec_3384.png,0
1798,E:\ImageQant\data\generated\images\rec_1798.png,1
1417,E:\ImageQant\data\generated\images\rec_1417.png,0
3544,E:\ImageQant\data\generated\images\rec_3544.png,0
1217,E:\ImageQant\data\generated\images\rec_1217.png,0
4123,E:\ImageQant\data\generated\images\rec_4123.png,0
3705,E:\ImageQant\data\generated\images\rec_3705.png,1
377,E:\ImageQant\data\generated\images\rec_377.png,0
2996,E:\ImageQant\data\generated\images\rec_2996.png,0
2122,E:\ImageQant\data\generated\images\rec_2122.png,0
1512,E:\ImageQant\data\generated\images\rec_1512.png,0
675,E:\ImageQant\data\generated\images\rec_675.png,1
3878,E:\ImageQant\data\generated\images\rec_3878.png,0
4049,E:\ImageQant\data\generated\images\rec_4049.png,0
901,E:\ImageQant\data\generated\images\rec_901.png,0
1291,E:\ImageQant\data\generated\images\rec_1291.png,0
738,E:\ImageQant\data\generated\images\rec_738.png,0
3032,E:\ImageQant\data\generated\images\rec_3032.png,0
2313,E:\ImageQant\data\generated\images\rec_2313.png,0
2716,E:\ImageQant\data\generated\images\rec_2716.png,0
1324,E:\ImageQant\data\generated\images\rec_1324.png,0
2938,E:\ImageQant\data\generated\images\rec_2938.png,0
4019,E:\ImageQant\data\generated\images\rec_4019.png,0
1412,E:\ImageQant\data\generated\images\rec_1412.png,0
3160,E:\ImageQant\data\generated\images\rec_3160.png,0
3522,E:\ImageQant\data\generated\images\rec_3522.png,0
3331,E:\ImageQant\data\generated\images\rec_3331.png,1
1387,E:\ImageQant\data\generated\images\rec_1387.png,0
2096,E:\ImageQant\data\generated\images\rec_2096.png,1
1249,E:\ImageQant\data\generated\images\rec_1249.png,1
471,E:\ImageQant\data\generated\images\rec_471.png,0
2845,E:\ImageQant\data\generated\images\rec_2845.png,0
1770,E:\ImageQant\data\generated\images\rec_1770.png,0
1344,E:\ImageQant\data\generated\images\rec_1344.png,1
2947,E:\ImageQant\data\generated\images\rec_2947.png,0
291,E:\ImageQant\data\generated\images\rec_291.png,0
1477,E:\ImageQant\data\generated\images\rec_1477.png,0
4052,E:\ImageQant\data\generated\images\rec_4052.png,1
1208,E:\ImageQant\data\generated\images\rec_1208.png,1
947,E:\ImageQant\data\generated\images\rec_947.png,1
427,E:\ImageQant\data\generated\images\rec_427.png,0
2222,E:\ImageQant\data\generated\images\rec_2222.png,0
3442,E:\ImageQant\data\generated\images\rec_3442.png,0
1170,E:\ImageQant\data\generated\images\rec_1170.png,0
43,E:\ImageQant\data\generated\images\rec_43.png,1
1882,E:\ImageQant\data\generated\images\rec_1882.png,1
1679,E:\ImageQant\data\generated\images\rec_1679.png,1
4069,E:\ImageQant\data\generated\images\rec_4069.png,0
1768,E:\ImageQant\data\generated\images\rec_1768.png,1
4352,E:\ImageQant\data\generated\images\rec_4352.png,1
1385,E:\ImageQant\data\generated\images\rec_1385.png,1
3985,E:\ImageQant\data\generated\images\rec_3985.png,0
3128,E:\ImageQant\data\generated\images\rec_3128.png,0
1140,E:\ImageQant\data\generated\images\rec_1140.png,0
2195,E:\ImageQant\data\generated\images\rec_2195.png,0
489,E:\ImageQant\data\generated\images\rec_489.png,0
3569,E:\ImageQant\data\generated\images\rec_3569.png,1
1884,E:\ImageQant\data\generated\images\rec_1884.png,0
1920,E:\ImageQant\data\generated\images\rec_1920.png,0
1522,E:\ImageQant\data\generated\images\rec_1522.png,1
1848,E:\ImageQant\data\generated\images\rec_1848.png,0
501,E:\ImageQant\data\generated\images\rec_501.png,0
2353,E:\ImageQant\data\generated\images\rec_2353.png,0
2529,E:\ImageQant\data\generated\images\rec_2529.png,0
3528,E:\ImageQant\data\generated\images\rec_3528.png,1
907,E:\ImageQant\data\generated\images\rec_907.png,0
2788,E:\ImageQant\data\generated\images\rec_2788.png,1
1596,E:\ImageQant\data\generated\images\rec_1596.png,0
1745,E:\ImageQant\data\generated\images\rec_1745.png,1
3005,E:\ImageQant\data\generated\images\rec_3005.png,0
1321,E:\ImageQant\data\generated\images\rec_1321.png,0
4224,E:\ImageQant\data\generated\images\rec_4224.png,0
594,E:\ImageQant\data\generated\images\rec_594.png,0
928,E:\ImageQant\data\generated\images\rec_928.png,0
3129,E:\ImageQant\data\generated\images\rec_3129.png,0
3901,E:\ImageQant\data\generated\images\rec_3901.png,0
560,E:\ImageQant\data\generated\images\rec_560.png,0
3317,E:\ImageQant\data\generated\images\rec_3317.png,0
1517,E:\ImageQant\data\generated\images\rec_1517.png,0
3008,E:\ImageQant\data\generated\images\rec_3008.png,1
3626,E:\ImageQant\data\generated\images\rec_3626.png,1
1131,E:\ImageQant\data\generated\images\rec_1131.png,0
458,E:\ImageQant\data\generated\images\rec_458.png,0
3995,E:\ImageQant\data\generated\images\rec_3995.png,1
2700,E:\ImageQant\data\generated\images\rec_2700.png,1
2876,E:\ImageQant\data\generated\images\rec_2876.png,1
2627,E:\ImageQant\data\generated\images\rec_2627.png,0
3610,E:\ImageQant\data\generated\images\rec_3610.png,0
2454,E:\ImageQant\data\generated\images\rec_2454.png,1
59,E:\ImageQant\data\generated\images\rec_59.png,0
4147,E:\ImageQant\data\generated\images\rec_4147.png,0
3589,E:\ImageQant\data\generated\images\rec_3589.png,1
2580,E:\ImageQant\data\generated\images\rec_2580.png,0
2211,E:\ImageQant\data\generated\images\rec_2211.png,0
2446,E:\ImageQant\data\generated\images\rec_2446.png,1
3558,E:\ImageQant\data\generated\images\rec_3558.png,0
3920,E:\ImageQant\data\generated\images\rec_3920.png,0
2421,E:\ImageQant\data\generated\images\rec_2421.png,1
4193,E:\ImageQant\data\generated\images\rec_4193.png,0
3955,E:\ImageQant\data\generated\images\rec_3955.png,1
3802,E:\ImageQant\data\generated\images\rec_3802.png,0
2576,E:\ImageQant\data\generated\images\rec_2576.png,1
867,E:\ImageQant\data\generated\images\rec_867.png,1
849,E:\ImageQant\data\generated\images\rec_849.png,0
526,E:\ImageQant\data\generated\images\rec_526.png,0
318,E:\ImageQant\data\generated\images\rec_318.png,0
4194,E:\ImageQant\data\generated\images\rec_4194.png,1
1005,E:\ImageQant\data\generated\images\rec_1005.png,0
3520,E:\ImageQant\data\generated\images\rec_3520.png,0
829,E:\ImageQant\data\generated\images\rec_829.png,1
1459,E:\ImageQant\data\generated\images\rec_1459.png,1
753,E:\ImageQant\data\generated\images\rec_753.png,1
2721,E:\ImageQant\data\generated\images\rec_2721.png,0
1710,E:\ImageQant\data\generated\images\rec_1710.png,0
2036,E:\ImageQant\data\generated\images\rec_2036.png,1
293,E:\ImageQant\data\generated\images\rec_293.png,0
3858,E:\ImageQant\data\generated\images\rec_3858.png,1
3479,E:\ImageQant\data\generated\images\rec_3479.png,0
2356,E:\ImageQant\data\generated\images\rec_2356.png,0
3588,E:\ImageQant\data\generated\images\rec_3588.png,0
3931,E:\ImageQant\data\generated\images\rec_3931.png,0
2900,E:\ImageQant\data\generated\images\rec_2900.png,0
323,E:\ImageQant\data\generated\images\rec_323.png,0
3938,E:\ImageQant\data\generated\images\rec_3938.png,0
2579,E:\ImageQant\data\generated\images\rec_2579.png,0
3692,E:\ImageQant\data\generated\images\rec_3692.png,1
345,E:\ImageQant\data\generated\images\rec_345.png,0
2354,E:\ImageQant\data\generated\images\rec_2354.png,1
2181,E:\ImageQant\data\generated\images\rec_2181.png,0
650,E:\ImageQant\data\generated\images\rec_650.png,0
3922,E:\ImageQant\data\generated\images\rec_3922.png,0
168,E:\ImageQant\data\generated\images\rec_168.png,0
3110,E:\ImageQant\data\generated\images\rec_3110.png,1
1107,E:\ImageQant\data\generated\images\rec_1107.png,0
3779,E:\ImageQant\data\generated\images\rec_3779.png,0
3233,E:\ImageQant\data\generated\images\rec_3233.png,1
2284,E:\ImageQant\data\generated\images\rec_2284.png,0
1123,E:\ImageQant\data\generated\images\rec_1123.png,0
3355,E:\ImageQant\data\generated\images\rec_3355.png,1
604,E:\ImageQant\data\generated\images\rec_604.png,0
1079,E:\ImageQant\data\generated\images\rec_1079.png,0
1109,E:\ImageQant\data\generated\images\rec_1109.png,0
1358,E:\ImageQant\data\generated\images\rec_1358.png,1
2320,E:\ImageQant\data\generated\images\rec_2320.png,1
2209,E:\ImageQant\data\generated\images\rec_2209.png,1
338,E:\ImageQant\data\generated\images\rec_338.png,0
4017,E:\ImageQant\data\generated\images\rec_4017.png,1
1960,E:\ImageQant\data\generated\images\rec_1960.png,0
2591,E:\ImageQant\data\generated\images\rec_2591.png,0
2248,E:\ImageQant\data\generated\images\rec_2248.png,1
3352,E:\ImageQant\data\generated\images\rec_3352.png,1
1589,E:\ImageQant\data\generated\images\rec_1589.png,0
2153,E:\ImageQant\data\generated\images\rec_2153.png,0
2475,E:\ImageQant\data\generated\images\rec_2475.png,1
3007,E:\ImageQant\data\generated\images\rec_3007.png,0
4295,E:\ImageQant\data\generated\images\rec_4295.png,0
1779,E:\ImageQant\data\generated\images\rec_1779.png,0
1115,E:\ImageQant\data\generated\images\rec_1115.png,0
3811,E:\ImageQant\data\generated\images\rec_3811.png,1
3597,E:\ImageQant\data\generated\images\rec_3597.png,0
3578,E:\ImageQant\data\generated\images\rec_3578.png,1
1902,E:\ImageQant\data\generated\images\rec_1902.png,0
394,E:\ImageQant\data\generated\images\rec_394.png,0
3831,E:\ImageQant\data\generated\images\rec_3831.png,0
965,E:\ImageQant\data\generated\images\rec_965.png,0
1598,E:\ImageQant\data\generated\images\rec_1598.png,1
3135,E:\ImageQant\data\generated\images\rec_3135.png,0
1685,E:\ImageQant\data\generated\images\rec_1685.png,0
1360,E:\ImageQant\data\generated\images\rec_1360.png,1
2335,E:\ImageQant\data\generated\images\rec_2335.png,0
1454,E:\ImageQant\data\generated\images\rec_1454.png,0
2685,E:\ImageQant\data\generated\images\rec_2685.png,0
1586,E:\ImageQant\data\generated\images\rec_1586.png,0
1172,E:\ImageQant\data\generated\images\rec_1172.png,1
3244,E:\ImageQant\data\generated\images\rec_3244.png,1
2145,E:\ImageQant\data\generated\images\rec_2145.png,0
3897,E:\ImageQant\data\generated\images\rec_3897.png,0
3748,E:\ImageQant\data\generated\images\rec_3748.png,1
3826,E:\ImageQant\data\generated\images\rec_3826.png,1
1121,E:\ImageQant\data\generated\images\rec_1121.png,0
1698,E:\ImageQant\data\generated\images\rec_1698.png,1
801,E:\ImageQant\data\generated\images\rec_801.png,1
975,E:\ImageQant\data\generated\images\rec_975.png,0
4045,E:\ImageQant\data\generated\images\rec_4045.png,1
3661,E:\ImageQant\data\generated\images\rec_3661.png,0
4245,E:\ImageQant\data\generated\images\rec_4245.png,1
2718,E:\ImageQant\data\generated\images\rec_2718.png,0
2018,E:\ImageQant\data\generated\images\rec_2018.png,0
898,E:\ImageQant\data\generated\images\rec_898.png,0
2434,E:\ImageQant\data\generated\images\rec_2434.png,0
925,E:\ImageQant\data\generated\images\rec_925.png,0
4094,E:\ImageQant\data\generated\images\rec_4094.png,0
3580,E:\ImageQant\data\generated\images\rec_3580.png,0
3798,E:\ImageQant\data\generated\images\rec_3798.png,0
2077,E:\ImageQant\data\generated\images\rec_2077.png,0
1583,E:\ImageQant\data\generated\images\rec_1583.png,1
1976,E:\ImageQant\data\generated\images\rec_1976.png,0
3546,E:\ImageQant\data\generated\images\rec_3546.png,0
211,E:\ImageQant\data\generated\images\rec_211.png,0
3593,E:\ImageQant\data\generated\images\rec_3593.png,1
805,E:\ImageQant\data\generated\images\rec_805.png,0
488,E:\ImageQant\data\generated\images\rec_488.png,0
1293,E:\ImageQant\data\generated\images\rec_1293.png,0
4403,E:\ImageQant\data\generated\images\rec_4403.png,0
1627,E:\ImageQant\data\generated\images\rec_1627.png,1
4416,E:\ImageQant\data\generated\images\rec_4416.png,0
2559,E:\ImageQant\data\generated\images\rec_2559.png,1
3534,E:\ImageQant\data\generated\images\rec_3534.png,1
446,E:\ImageQant\data\generated\images\rec_446.png,0
1129,E:\ImageQant\data\generated\images\rec_1129.png,0
4249,E:\ImageQant\data\generated\images\rec_4249.png,0
16,E:\ImageQant\data\generated\images\rec_16.png,0
4307,E:\ImageQant\data\generated\images\rec_4307.png,1
2744,E:\ImageQant\data\generated\images\rec_2744.png,1
295,E:\ImageQant\data\generated\images\rec_295.png,0
1951,E:\ImageQant\data\generated\images\rec_1951.png,1
1099,E:\ImageQant\data\generated\images\rec_1099.png,0
1303,E:\ImageQant\data\generated\images\rec_1303.png,0
2524,E:\ImageQant\data\generated\images\rec_2524.png,1
4300,E:\ImageQant\data\generated\images\rec_4300.png,0
693,E:\ImageQant\data\generated\images\rec_693.png,1
3149,E:\ImageQant\data\generated\images\rec_3149.png,0
603,E:\ImageQant\data\generated\images\rec_603.png,0
2,E:\ImageQant\data\generated\images\rec_2.png,1
426,E:\ImageQant\data\generated\images\rec_426.png,0
3399,E:\ImageQant\data\generated\images\rec_3399.png,0
4312,E:\ImageQant\data\generated\images\rec_4312.png,1
434,E:\ImageQant\data\generated\images\rec_434.png,0
4211,E:\ImageQant\data\generated\images\rec_4211.png,0
3900,E:\ImageQant\data\generated\images\rec_3900.png,0
4258,E:\ImageQant\data\generated\images\rec_4258.png,0
3194,E:\ImageQant\data\generated\images\rec_3194.png,0
1845,E:\ImageQant\data\generated\images\rec_1845.png,1
4160,E:\ImageQant\data\generated\images\rec_4160.png,0
1329,E:\ImageQant\data\generated\images\rec_1329.png,0
2965,E:\ImageQant\data\generated\images\rec_2965.png,0
2813,E:\ImageQant\data\generated\images\rec_2813.png,0
596,E:\ImageQant\data\generated\images\rec_596.png,1
803,E:\ImageQant\data\generated\images\rec_803.png,0
4099,E:\ImageQant\data\generated\images\rec_4099.png,1
714,E:\ImageQant\data\generated\images\rec_714.png,0
970,E:\ImageQant\data\generated\images\rec_970.png,0
1692,E:\ImageQant\data\generated\images\rec_1692.png,0
301,E:\ImageQant\data\generated\images\rec_301.png,0
4271,E:\ImageQant\data\generated\images\rec_4271.png,1
3643,E:\ImageQant\data\generated\images\rec_3643.png,0
3050,E:\ImageQant\data\generated\images\rec_3050.png,1
3645,E:\ImageQant\data\generated\images\rec_3645.png,0
2138,E:\ImageQant\data\generated\images\rec_2138.png,0
1110,E:\ImageQant\data\generated\images\rec_1110.png,0
2100,E:\ImageQant\data\generated\images\rec_2100.png,0
1160,E:\ImageQant\data\generated\images\rec_1160.png,0
2406,E:\ImageQant\data\generated\images\rec_2406.png,0
3634,E:\ImageQant\data\generated\images\rec_3634.png,0
1179,E:\ImageQant\data\generated\images\rec_1179.png,0
858,E:\ImageQant\data\generated\images\rec_858.png,1
1826,E:\ImageQant\data\generated\images\rec_1826.png,0
2732,E:\ImageQant\data\generated\images\rec_2732.png,0
2885,E:\ImageQant\data\generated\images\rec_2885.png,0
1186,E:\ImageQant\data\generated\images\rec_1186.png,0
1305,E:\ImageQant\data\generated\images\rec_1305.png,0
465,E:\ImageQant\data\generated\images\rec_465.png,1
2688,E:\ImageQant\data\generated\images\rec_2688.png,0
3953,E:\ImageQant\data\generated\images\rec_3953.png,0
3153,E:\ImageQant\data\generated\images\rec_3153.png,0
2853,E:\ImageQant\data\generated\images\rec_2853.png,0
244,E:\ImageQant\data\generated\images\rec_244.png,0
4037,E:\ImageQant\data\generated\images\rec_4037.png,0
3672,E:\ImageQant\data\generated\images\rec_3672.png,0
3816,E:\ImageQant\data\generated\images\rec_3816.png,1
4058,E:\ImageQant\data\generated\images\rec_4058.png,0
3566,E:\ImageQant\data\generated\images\rec_3566.png,0
1315,E:\ImageQant\data\generated\images\rec_1315.png,0
3639,E:\ImageQant\data\generated\images\rec_3639.png,0
884,E:\ImageQant\data\generated\images\rec_884.png,0
3084,E:\ImageQant\data\generated\images\rec_3084.png,0
1374,E:\ImageQant\data\generated\images\rec_1374.png,1
1034,E:\ImageQant\data\generated\images\rec_1034.png,1
1784,E:\ImageQant\data\generated\images\rec_1784.png,1
3997,E:\ImageQant\data\generated\images\rec_3997.png,0
1580,E:\ImageQant\data\generated\images\rec_1580.png,0
2730,E:\ImageQant\data\generated\images\rec_2730.png,0
1788,E:\ImageQant\data\generated\images\rec_1788.png,1
4107,E:\ImageQant\data\generated\images\rec_4107.png,1
3012,E:\ImageQant\data\generated\images\rec_3012.png,0
2161,E:\ImageQant\data\generated\images\rec_2161.png,1
4201,E:\ImageQant\data\generated\images\rec_4201.png,0
3919,E:\ImageQant\data\generated\images\rec_3919.png,0
279,E:\ImageQant\data\generated\images\rec_279.png,0
1645,E:\ImageQant\data\generated\images\rec_1645.png,1
2615,E:\ImageQant\data\generated\images\rec_2615.png,1
3663,E:\ImageQant\data\generated\images\rec_3663.png,0
3614,E:\ImageQant\data\generated\images\rec_3614.png,0
4253,E:\ImageQant\data\generated\images\rec_4253.png,1
1777,E:\ImageQant\data\generated\images\rec_1777.png,1
2338,E:\ImageQant\data\generated\images\rec_2338.png,1
2942,E:\ImageQant\data\generated\images\rec_2942.png,0
3010,E:\ImageQant\data\generated\images\rec_3010.png,0
2706,E:\ImageQant\data\generated\images\rec_2706.png,0
1729,E:\ImageQant\data\generated\images\rec_1729.png,0
3424,E:\ImageQant\data\generated\images\rec_3424.png,1
3656,E:\ImageQant\data\generated\images\rec_3656.png,0
841,E:\ImageQant\data\generated\images\rec_841.png,0
3832,E:\ImageQant\data\generated\images\rec_3832.png,0
4048,E:\ImageQant\data\generated\images\rec_4048.png,0
3651,E:\ImageQant\data\generated\images\rec_3651.png,0
2959,E:\ImageQant\data\generated\images\rec_2959.png,0
4127,E:\ImageQant\data\generated\images\rec_4127.png,0
1628,E:\ImageQant\data\generated\images\rec_1628.png,1
2323,E:\ImageQant\data\generated\images\rec_2323.png,0
3319,E:\ImageQant\data\generated\images\rec_3319.png,0
3451,E:\ImageQant\data\generated\images\rec_3451.png,0
4238,E:\ImageQant\data\generated\images\rec_4238.png,1
2150,E:\ImageQant\data\generated\images\rec_2150.png,0
1959,E:\ImageQant\data\generated\images\rec_1959.png,0
722,E:\ImageQant\data\generated\images\rec_722.png,0
1254,E:\ImageQant\data\generated\images\rec_1254.png,0
3600,E:\ImageQant\data\generated\images\rec_3600.png,1
1715,E:\ImageQant\data\generated\images\rec_1715.png,0
12,E:\ImageQant\data\generated\images\rec_12.png,1
1340,E:\ImageQant\data\generated\images\rec_1340.png,0
3285,E:\ImageQant\data\generated\images\rec_3285.png,0
2350,E:\ImageQant\data\generated\images\rec_2350.png,0
3986,E:\ImageQant\data\generated\images\rec_3986.png,0
3943,E:\ImageQant\data\generated\images\rec_3943.png,1
553,E:\ImageQant\data\generated\images\rec_553.png,1
4055,E:\ImageQant\data\generated\images\rec_4055.png,1
670,E:\ImageQant\data\generated\images\rec_670.png,0
1936,E:\ImageQant\data\generated\images\rec_1936.png,0
3246,E:\ImageQant\data\generated\images\rec_3246.png,0
868,E:\ImageQant\data\generated\images\rec_868.png,0
4109,E:\ImageQant\data\generated\images\rec_4109.png,0
3506,E:\ImageQant\data\generated\images\rec_3506.png,1
463,E:\ImageQant\data\generated\images\rec_463.png,0
942,E:\ImageQant\data\generated\images\rec_942.png,0
4349,E:\ImageQant\data\generated\images\rec_4349.png,0
3162,E:\ImageQant\data\generated\images\rec_3162.png,0
3517,E:\ImageQant\data\generated\images\rec_3517.png,1
1516,E:\ImageQant\data\generated\images\rec_1516.png,1
981,E:\ImageQant\data\generated\images\rec_981.png,0
4104,E:\ImageQant\data\generated\images\rec_4104.png,0
332,E:\ImageQant\data\generated\images\rec_332.png,0
460,E:\ImageQant\data\generated\images\rec_460.png,0
4270,E:\ImageQant\data\generated\images\rec_4270.png,0
4398,E:\ImageQant\data\generated\images\rec_4398.png,0
3312,E:\ImageQant\data\generated\images\rec_3312.png,0
240,E:\ImageQant\data\generated\images\rec_240.png,0
3880,E:\ImageQant\data\generated\images\rec_3880.png,0
3079,E:\ImageQant\data\generated\images\rec_3079.png,1
1855,E:\ImageQant\data\generated\images\rec_1855.png,1
1096,E:\ImageQant\data\generated\images\rec_1096.png,1
2082,E:\ImageQant\data\generated\images\rec_2082.png,0
857,E:\ImageQant\data\generated\images\rec_857.png,1
1519,E:\ImageQant\data\generated\images\rec_1519.png,1
3601,E:\ImageQant\data\generated\images\rec_3601.png,0
274,E:\ImageQant\data\generated\images\rec_274.png,0
3913,E:\ImageQant\data\generated\images\rec_3913.png,0
1032,E:\ImageQant\data\generated\images\rec_1032.png,0
4039,E:\ImageQant\data\generated\images\rec_4039.png,0
2014,E:\ImageQant\data\generated\images\rec_2014.png,1
2401,E:\ImageQant\data\generated\images\rec_2401.png,0
2701,E:\ImageQant\data\generated\images\rec_2701.png,1
687,E:\ImageQant\data\generated\images\rec_687.png,0
3371,E:\ImageQant\data\generated\images\rec_3371.png,0
1312,E:\ImageQant\data\generated\images\rec_1312.png,0
701,E:\ImageQant\data\generated\images\rec_701.png,1
2019,E:\ImageQant\data\generated\images\rec_2019.png,0
3406,E:\ImageQant\data\generated\images\rec_3406.png,0
2607,E:\ImageQant\data\generated\images\rec_2607.png,1
3228,E:\ImageQant\data\generated\images\rec_3228.png,0
4414,E:\ImageQant\data\generated\images\rec_4414.png,0
1697,E:\ImageQant\data\generated\images\rec_1697.png,1
1591,E:\ImageQant\data\generated\images\rec_1591.png,1
3965,E:\ImageQant\data\generated\images\rec_3965.png,0
1725,E:\ImageQant\data\generated\images\rec_1725.png,1
3117,E:\ImageQant\data\generated\images\rec_3117.png,0
1044,E:\ImageQant\data\generated\images\rec_1044.png,0
2336,E:\ImageQant\data\generated\images\rec_2336.png,1
4358,E:\ImageQant\data\generated\images\rec_4358.png,1
889,E:\ImageQant\data\generated\images\rec_889.png,0
3954,E:\ImageQant\data\generated\images\rec_3954.png,1
2492,E:\ImageQant\data\generated\images\rec_2492.png,1
516,E:\ImageQant\data\generated\images\rec_516.png,0
1701,E:\ImageQant\data\generated\images\rec_1701.png,0
2228,E:\ImageQant\data\generated\images\rec_2228.png,1
2186,E:\ImageQant\data\generated\images\rec_2186.png,0
3808,E:\ImageQant\data\generated\images\rec_3808.png,1
1578,E:\ImageQant\data\generated\images\rec_1578.png,1
1735,E:\ImageQant\data\generated\images\rec_1735.png,0
359,E:\ImageQant\data\generated\images\rec_359.png,1
2658,E:\ImageQant\data\generated\images\rec_2658.png,1
3801,E:\ImageQant\data\generated\images\rec_3801.png,0
762,E:\ImageQant\data\generated\images\rec_762.png,0
1494,E:\ImageQant\data\generated\images\rec_1494.png,1
2479,E:\ImageQant\data\generated\images\rec_2479.png,1
2660,E:\ImageQant\data\generated\images\rec_2660.png,1
809,E:\ImageQant\data\generated\images\rec_809.png,0
3052,E:\ImageQant\data\generated\images\rec_3052.png,0
125,E:\ImageQant\data\generated\images\rec_125.png,1
4331,E:\ImageQant\data\generated\images\rec_4331.png,1
4018,E:\ImageQant\data\generated\images\rec_4018.png,0
2617,E:\ImageQant\data\generated\images\rec_2617.png,0
2655,E:\ImageQant\data\generated\images\rec_2655.png,0
524,E:\ImageQant\data\generated\images\rec_524.png,1
3404,E:\ImageQant\data\generated\images\rec_3404.png,0
2564,E:\ImageQant\data\generated\images\rec_2564.png,0
4240,E:\ImageQant\data\generated\images\rec_4240.png,0
39,E:\ImageQant\data\generated\images\rec_39.png,1
1521,E:\ImageQant\data\generated\images\rec_1521.png,0
464,E:\ImageQant\data\generated\images\rec_464.png,0
3835,E:\ImageQant\data\generated\images\rec_3835.png,1
3215,E:\ImageQant\data\generated\images\rec_3215.png,0
1144,E:\ImageQant\data\generated\images\rec_1144.png,0
4151,E:\ImageQant\data\generated\images\rec_4151.png,0
3971,E:\ImageQant\data\generated\images\rec_3971.png,0
134,E:\ImageQant\data\generated\images\rec_134.png,0
2367,E:\ImageQant\data\generated\images\rec_2367.png,0
2104,E:\ImageQant\data\generated\images\rec_2104.png,0
3978,E:\ImageQant\data\generated\images\rec_3978.png,0
2858,E:\ImageQant\data\generated\images\rec_2858.png,0
1015,E:\ImageQant\data\generated\images\rec_1015.png,0
3896,E:\ImageQant\data\generated\images\rec_3896.png,0
320,E:\ImageQant\data\generated\images\rec_320.png,1
522,E:\ImageQant\data\generated\images\rec_522.png,0
1737,E:\ImageQant\data\generated\images\rec_1737.png,0
4154,E:\ImageQant\data\generated\images\rec_4154.png,1
4164,E:\ImageQant\data\generated\images\rec_4164.png,1
1349,E:\ImageQant\data\generated\images\rec_1349.png,0
3791,E:\ImageQant\data\generated\images\rec_3791.png,1
4388,E:\ImageQant\data\generated\images\rec_4388.png,1
2605,E:\ImageQant\data\generated\images\rec_2605.png,0
54,E:\ImageQant\data\generated\images\rec_54.png,1
2588,E:\ImageQant\data\generated\images\rec_2588.png,1
816,E:\ImageQant\data\generated\images\rec_816.png,0
2604,E:\ImageQant\data\generated\images\rec_2604.png,1
631,E:\ImageQant\data\generated\images\rec_631.png,0
3992,E:\ImageQant\data\generated\images\rec_3992.png,0
708,E:\ImageQant\data\generated\images\rec_708.png,0
2896,E:\ImageQant\data\generated\images\rec_2896.png,0
3054,E:\ImageQant\data\generated\images\rec_3054.png,0
2351,E:\ImageQant\data\generated\images\rec_2351.png,0
538,E:\ImageQant\data\generated\images\rec_538.png,0
4022,E:\ImageQant\data\generated\images\rec_4022.png,0
1048,E:\ImageQant\data\generated\images\rec_1048.png,0
2497,E:\ImageQant\data\generated\images\rec_2497.png,0
416,E:\ImageQant\data\generated\images\rec_416.png,0
3532,E:\ImageQant\data\generated\images\rec_3532.png,0
1606,E:\ImageQant\data\generated\images\rec_1606.png,0
3908,E:\ImageQant\data\generated\images\rec_3908.png,0
1588,E:\ImageQant\data\generated\images\rec_1588.png,1
4185,E:\ImageQant\data\generated\images\rec_4185.png,0
766,E:\ImageQant\data\generated\images\rec_766.png,0
3525,E:\ImageQant\data\generated\images\rec_3525.png,0
929,E:\ImageQant\data\generated\images\rec_929.png,1
922,E:\ImageQant\data\generated\images\rec_922.png,1
3932,E:\ImageQant\data\generated\images\rec_3932.png,0
3113,E:\ImageQant\data\generated\images\rec_3113.png,0
2471,E:\ImageQant\data\generated\images\rec_2471.png,1
1599,E:\ImageQant\data\generated\images\rec_1599.png,1
1285,E:\ImageQant\data\generated\images\rec_1285.png,1
3513,E:\ImageQant\data\generated\images\rec_3513.png,1
1173,E:\ImageQant\data\generated\images\rec_1173.png,0
1180,E:\ImageQant\data\generated\images\rec_1180.png,1
3649,E:\ImageQant\data\generated\images\rec_3649.png,1
2654,E:\ImageQant\data\generated\images\rec_2654.png,0
3923,E:\ImageQant\data\generated\images\rec_3923.png,0
4346,E:\ImageQant\data\generated\images\rec_4346.png,1
2924,E:\ImageQant\data\generated\images\rec_2924.png,0
286,E:\ImageQant\data\generated\images\rec_286.png,0
904,E:\ImageQant\data\generated\images\rec_904.png,1
1774,E:\ImageQant\data\generated\images\rec_1774.png,0
466,E:\ImageQant\data\generated\images\rec_466.png,0
3838,E:\ImageQant\data\generated\images\rec_3838.png,1
3481,E:\ImageQant\data\generated\images\rec_3481.png,0
160,E:\ImageQant\data\generated\images\rec_160.png,1
974,E:\ImageQant\data\generated\images\rec_974.png,0
759,E:\ImageQant\data\generated\images\rec_759.png,0
202,E:\ImageQant\data\generated\images\rec_202.png,0
437,E:\ImageQant\data\generated\images\rec_437.png,0
532,E:\ImageQant\data\generated\images\rec_532.png,0
652,E:\ImageQant\data\generated\images\rec_652.png,0
2129,E:\ImageQant\data\generated\images\rec_2129.png,0
1469,E:\ImageQant\data\generated\images\rec_1469.png,0
2990,E:\ImageQant\data\generated\images\rec_2990.png,0
2079,E:\ImageQant\data\generated\images\rec_2079.png,0
2107,E:\ImageQant\data\generated\images\rec_2107.png,0
583,E:\ImageQant\data\generated\images\rec_583.png,0
4122,E:\ImageQant\data\generated\images\rec_4122.png,0
1402,E:\ImageQant\data\generated\images\rec_1402.png,0
2765,E:\ImageQant\data\generated\images\rec_2765.png,0
3552,E:\ImageQant\data\generated\images\rec_3552.png,1
2500,E:\ImageQant\data\generated\images\rec_2500.png,0
108,E:\ImageQant\data\generated\images\rec_108.png,1
3845,E:\ImageQant\data\generated\images\rec_3845.png,1
2090,E:\ImageQant\data\generated\images\rec_2090.png,0
2455,E:\ImageQant\data\generated\images\rec_2455.png,0
273,E:\ImageQant\data\generated\images\rec_273.png,0
3652,E:\ImageQant\data\generated\images\rec_3652.png,0
2428,E:\ImageQant\data\generated\images\rec_2428.png,1
3069,E:\ImageQant\data\generated\images\rec_3069.png,1
20,E:\ImageQant\data\generated\images\rec_20.png,0
201,E:\ImageQant\data\generated\images\rec_201.png,0
2126,E:\ImageQant\data\generated\images\rec_2126.png,1
3206,E:\ImageQant\data\generated\images\rec_3206.png,0
2593,E:\ImageQant\data\generated\images\rec_2593.png,1
82,E:\ImageQant\data\generated\images\rec_82.png,1
1802,E:\ImageQant\data\generated\images\rec_1802.png,0
3857,E:\ImageQant\data\generated\images\rec_3857.png,0
1265,E:\ImageQant\data\generated\images\rec_1265.png,0
2385,E:\ImageQant\data\generated\images\rec_2385.png,0
384,E:\ImageQant\data\generated\images\rec_384.png,0
3691,E:\ImageQant\data\generated\images\rec_3691.png,1
1800,E:\ImageQant\data\generated\images\rec_1800.png,1
2031,E:\ImageQant\data\generated\images\rec_2031.png,1
1448,E:\ImageQant\data\generated\images\rec_1448.png,1
742,E:\ImageQant\data\generated\images\rec_742.png,1
3530,E:\ImageQant\data\generated\images\rec_3530.png,0
2489,E:\ImageQant\data\generated\images\rec_2489.png,0
1488,E:\ImageQant\data\generated\images\rec_1488.png,1
1430,E:\ImageQant\data\generated\images\rec_1430.png,0
1964,E:\ImageQant\data\generated\images\rec_1964.png,0
2292,E:\ImageQant\data\generated\images\rec_2292.png,1
578,E:\ImageQant\data\generated\images\rec_578.png,0
4239,E:\ImageQant\data\generated\images\rec_4239.png,0
2459,E:\ImageQant\data\generated\images\rec_2459.png,0
4340,E:\ImageQant\data\generated\images\rec_4340.png,0
4207,E:\ImageQant\data\generated\images\rec_4207.png,0
3889,E:\ImageQant\data\generated\images\rec_3889.png,0
1036,E:\ImageQant\data\generated\images\rec_1036.png,1
2746,E:\ImageQant\data\generated\images\rec_2746.png,0
627,E:\ImageQant\data\generated\images\rec_627.png,0
3899,E:\ImageQant\data\generated\images\rec_3899.png,0
410,E:\ImageQant\data\generated\images\rec_410.png,0
1182,E:\ImageQant\data\generated\images\rec_1182.png,0
50,E:\ImageQant\data\generated\images\rec_50.png,0
319,E:\ImageQant\data\generated\images\rec_319.png,0
3586,E:\ImageQant\data\generated\images\rec_3586.png,1
3408,E:\ImageQant\data\generated\images\rec_3408.png,1
2257,E:\ImageQant\data\generated\images\rec_2257.png,0
1837,E:\ImageQant\data\generated\images\rec_1837.png,0
2903,E:\ImageQant\data\generated\images\rec_2903.png,0
1223,E:\ImageQant\data\generated\images\rec_1223.png,0
1702,E:\ImageQant\data\generated\images\rec_1702.png,1
236,E:\ImageQant\data\generated\images\rec_236.png,0
3407,E:\ImageQant\data\generated\images\rec_3407.png,0
2525,E:\ImageQant\data\generated\images\rec_2525.png,0
2773,E:\ImageQant\data\generated\images\rec_2773.png,0
1511,E:\ImageQant\data\generated\images\rec_1511.png,0
3833,E:\ImageQant\data\generated\images\rec_3833.png,1
3718,E:\ImageQant\data\generated\images\rec_3718.png,1
2531,E:\ImageQant\data\generated\images\rec_2531.png,0
3452,E:\ImageQant\data\generated\images\rec_3452.png,0
3361,E:\ImageQant\data\generated\images\rec_3361.png,0
621,E:\ImageQant\data\generated\images\rec_621.png,1
1703,E:\ImageQant\data\generated\images\rec_1703.png,0
3207,E:\ImageQant\data\generated\images\rec_3207.png,1
2318,E:\ImageQant\data\generated\images\rec_2318.png,1
3300,E:\ImageQant\data\generated\images\rec_3300.png,1
413,E:\ImageQant\data\generated\images\rec_413.png,0
4180,E:\ImageQant\data\generated\images\rec_4180.png,0
1518,E:\ImageQant\data\generated\images\rec_1518.png,0
2585,E:\ImageQant\data\generated\images\rec_2585.png,0
712,E:\ImageQant\data\generated\images\rec_712.png,0
405,E:\ImageQant\data\generated\images\rec_405.png,0
2891,E:\ImageQant\data\generated\images\rec_2891.png,1
3243,E:\ImageQant\data\generated\images\rec_3243.png,0
1791,E:\ImageQant\data\generated\images\rec_1791.png,1
2365,E:\ImageQant\data\generated\images\rec_2365.png,0
4252,E:\ImageQant\data\generated\images\rec_4252.png,0
2478,E:\ImageQant\data\generated\images\rec_2478.png,0
1037,E:\ImageQant\data\generated\images\rec_1037.png,0
726,E:\ImageQant\data\generated\images\rec_726.png,0
776,E:\ImageQant\data\generated\images\rec_776.png,0
2174,E:\ImageQant\data\generated\images\rec_2174.png,0
1346,E:\ImageQant\data\generated\images\rec_1346.png,0
2821,E:\ImageQant\data\generated\images\rec_2821.png,1
3701,E:\ImageQant\data\generated\images\rec_3701.png,0
1952,E:\ImageQant\data\generated\images\rec_1952.png,1
3762,E:\ImageQant\data\generated\images\rec_3762.png,0
1278,E:\ImageQant\data\generated\images\rec_1278.png,0
1756,E:\ImageQant\data\generated\images\rec_1756.png,0
4113,E:\ImageQant\data\generated\images\rec_4113.png,1
2575,E:\ImageQant\data\generated\images\rec_2575.png,0
817,E:\ImageQant\data\generated\images\rec_817.png,0
188,E:\ImageQant\data\generated\images\rec_188.png,1
2950,E:\ImageQant\data\generated\images\rec_2950.png,0
352,E:\ImageQant\data\generated\images\rec_352.png,1
1047,E:\ImageQant\data\generated\images\rec_1047.png,0
3189,E:\ImageQant\data\generated\images\rec_3189.png,1
3561,E:\ImageQant\data\generated\images\rec_3561.png,0
4044,E:\ImageQant\data\generated\images\rec_4044.png,0
1765,E:\ImageQant\data\generated\images\rec_1765.png,1
1404,E:\ImageQant\data\generated\images\rec_1404.png,1
1711,E:\ImageQant\data\generated\images\rec_1711.png,0
3668,E:\ImageQant\data\generated\images\rec_3668.png,0
2064,E:\ImageQant\data\generated\images\rec_2064.png,0
1528,E:\ImageQant\data\generated\images\rec_1528.png,0
3400,E:\ImageQant\data\generated\images\rec_3400.png,0
378,E:\ImageQant\data\generated\images\rec_378.png,0
3370,E:\ImageQant\data\generated\images\rec_3370.png,1
1672,E:\ImageQant\data\generated\images\rec_1672.png,1
3292,E:\ImageQant\data\generated\images\rec_3292.png,1
453,E:\ImageQant\data\generated\images\rec_453.png,0
224,E:\ImageQant\data\generated\images\rec_224.png,0
2754,E:\ImageQant\data\generated\images\rec_2754.png,1
3872,E:\ImageQant\data\generated\images\rec_3872.png,0
3914,E:\ImageQant\data\generated\images\rec_3914.png,1
2807,E:\ImageQant\data\generated\images\rec_2807.png,0
3620,E:\ImageQant\data\generated\images\rec_3620.png,1
2850,E:\ImageQant\data\generated\images\rec_2850.png,1
4421,E:\ImageQant\data\generated\images\rec_4421.png,1
1277,E:\ImageQant\data\generated\images\rec_1277.png,1
1597,E:\ImageQant\data\generated\images\rec_1597.png,0
1063,E:\ImageQant\data\generated\images\rec_1063.png,0
3111,E:\ImageQant\data\generated\images\rec_3111.png,0
3930,E:\ImageQant\data\generated\images\rec_3930.png,0
2493,E:\ImageQant\data\generated\images\rec_2493.png,0
2873,E:\ImageQant\data\generated\images\rec_2873.png,0
3484,E:\ImageQant\data\generated\images\rec_3484.png,1
1890,E:\ImageQant\data\generated\images\rec_1890.png,0
4382,E:\ImageQant\data\generated\images\rec_4382.png,0
2780,E:\ImageQant\data\generated\images\rec_2780.png,0
1769,E:\ImageQant\data\generated\images\rec_1769.png,0
3638,E:\ImageQant\data\generated\images\rec_3638.png,0
1677,E:\ImageQant\data\generated\images\rec_1677.png,0
3568,E:\ImageQant\data\generated\images\rec_3568.png,0
2538,E:\ImageQant\data\generated\images\rec_2538.png,0
1549,E:\ImageQant\data\generated\images\rec_1549.png,1
4059,E:\ImageQant\data\generated\images\rec_4059.png,1
2149,E:\ImageQant\data\generated\images\rec_2149.png,0
1819,E:\ImageQant\data\generated\images\rec_1819.png,1
4355,E:\ImageQant\data\generated\images\rec_4355.png,0
1760,E:\ImageQant\data\generated\images\rec_1760.png,0
3892,E:\ImageQant\data\generated\images\rec_3892.png,0
3330,E:\ImageQant\data\generated\images\rec_3330.png,0
3297,E:\ImageQant\data\generated\images\rec_3297.png,1
3226,E:\ImageQant\data\generated\images\rec_3226.png,0
3773,E:\ImageQant\data\generated\images\rec_3773.png,1
4026,E:\ImageQant\data\generated\images\rec_4026.png,0
3124,E:\ImageQant\data\generated\images\rec_3124.png,0
2378,E:\ImageQant\data\generated\images\rec_2378.png,1
824,E:\ImageQant\data\generated\images\rec_824.png,0
2352,E:\ImageQant\data\generated\images\rec_2352.png,0
4080,E:\ImageQant\data\generated\images\rec_4080.png,1
992,E:\ImageQant\data\generated\images\rec_992.png,1
4135,E:\ImageQant\data\generated\images\rec_4135.png,0
2696,E:\ImageQant\data\generated\images\rec_2696.png,1
848,E:\ImageQant\data\generated\images\rec_848.png,0
2269,E:\ImageQant\data\generated\images\rec_2269.png,1
622,E:\ImageQant\data\generated\images\rec_622.png,1
1310,E:\ImageQant\data\generated\images\rec_1310.png,0
362,E:\ImageQant\data\generated\images\rec_362.png,0
2867,E:\ImageQant\data\generated\images\rec_2867.png,0
1240,E:\ImageQant\data\generated\images\rec_1240.png,1
3031,E:\ImageQant\data\generated\images\rec_3031.png,0
795,E:\ImageQant\data\generated\images\rec_795.png,0
4168,E:\ImageQant\data\generated\images\rec_4168.png,0
1178,E:\ImageQant\data\generated\images\rec_1178.png,1
1283,E:\ImageQant\data\generated\images\rec_1283.png,0
1938,E:\ImageQant\data\generated\images\rec_1938.png,1
1716,E:\ImageQant\data\generated\images\rec_1716.png,0
119,E:\ImageQant\data\generated\images\rec_119.png,0
873,E:\ImageQant\data\generated\images\rec_873.png,0
1184,E:\ImageQant\data\generated\images\rec_1184.png,0
2201,E:\ImageQant\data\generated\images\rec_2201.png,0
3936,E:\ImageQant\data\generated\images\rec_3936.png,1
98,E:\ImageQant\data\generated\images\rec_98.png,0
1243,E:\ImageQant\data\generated\images\rec_1243.png,0
3325,E:\ImageQant\data\generated\images\rec_3325.png,0
4218,E:\ImageQant\data\generated\images\rec_4218.png,0
218,E:\ImageQant\data\generated\images\rec_218.png,1
1158,E:\ImageQant\data\generated\images\rec_1158.png,0
4000,E:\ImageQant\data\generated\images\rec_4000.png,1
2312,E:\ImageQant\data\generated\images\rec_2312.png,1
1029,E:\ImageQant\data\generated\images\rec_1029.png,0
2622,E:\ImageQant\data\generated\images\rec_2622.png,0
422,E:\ImageQant\data\generated\images\rec_422.png,1
3179,E:\ImageQant\data\generated\images\rec_3179.png,0
1614,E:\ImageQant\data\generated\images\rec_1614.png,0
756,E:\ImageQant\data\generated\images\rec_756.png,1
2918,E:\ImageQant\data\generated\images\rec_2918.png,1
2740,E:\ImageQant\data\generated\images\rec_2740.png,0
4005,E:\ImageQant\data\generated\images\rec_4005.png,1
3082,E:\ImageQant\data\generated\images\rec_3082.png,0
2223,E:\ImageQant\data\generated\images\rec_2223.png,1
1001,E:\ImageQant\data\generated\images\rec_1001.png,1
1602,E:\ImageQant\data\generated\images\rec_1602.png,0
1058,E:\ImageQant\data\generated\images\rec_1058.png,1
3507,E:\ImageQant\data\generated\images\rec_3507.png,0
4397,E:\ImageQant\data\generated\images\rec_4397.png,0
2683,E:\ImageQant\data\generated\images\rec_2683.png,0
2970,E:\ImageQant\data\generated\images\rec_2970.png,0
4143,E:\ImageQant\data\generated\images\rec_4143.png,0
3166,E:\ImageQant\data\generated\images\rec_3166.png,1
702,E:\ImageQant\data\generated\images\rec_702.png,1
3016,E:\ImageQant\data\generated\images\rec_3016.png,0
720,E:\ImageQant\data\generated\images\rec_720.png,1
2175,E:\ImageQant\data\generated\images\rec_2175.png,0
3805,E:\ImageQant\data\generated\images\rec_3805.png,1
3219,E:\ImageQant\data\generated\images\rec_3219.png,1
451,E:\ImageQant\data\generated\images\rec_451.png,0
4237,E:\ImageQant\data\generated\images\rec_4237.png,0
3543,E:\ImageQant\data\generated\images\rec_3543.png,0
1566,E:\ImageQant\data\generated\images\rec_1566.png,0
3609,E:\ImageQant\data\generated\images\rec_3609.png,0
1230,E:\ImageQant\data\generated\images\rec_1230.png,0
2556,E:\ImageQant\data\generated\images\rec_2556.png,0
1868,E:\ImageQant\data\generated\images\rec_1868.png,0
3328,E:\ImageQant\data\generated\images\rec_3328.png,0
1019,E:\ImageQant\data\generated\images\rec_1019.png,0
3694,E:\ImageQant\data\generated\images\rec_3694.png,1
3401,E:\ImageQant\data\generated\images\rec_3401.png,0
84,E:\ImageQant\data\generated\images\rec_84.png,0
2124,E:\ImageQant\data\generated\images\rec_2124.png,0
2425,E:\ImageQant\data\generated\images\rec_2425.png,1
2946,E:\ImageQant\data\generated\images\rec_2946.png,1
3847,E:\ImageQant\data\generated\images\rec_3847.png,1
4156,E:\ImageQant\data\generated\images\rec_4156.png,0
635,E:\ImageQant\data\generated\images\rec_635.png,0
4053,E:\ImageQant\data\generated\images\rec_4053.png,0
1500,E:\ImageQant\data\generated\images\rec_1500.png,0
703,E:\ImageQant\data\generated\images\rec_703.png,1
383,E:\ImageQant\data\generated\images\rec_383.png,0
314,E:\ImageQant\data\generated\images\rec_314.png,1
3573,E:\ImageQant\data\generated\images\rec_3573.png,0
508,E:\ImageQant\data\generated\images\rec_508.png,1
11,E:\ImageQant\data\generated\images\rec_11.png,0
1922,E:\ImageQant\data\generated\images\rec_1922.png,0
4169,E:\ImageQant\data\generated\images\rec_4169.png,1
802,E:\ImageQant\data\generated\images\rec_802.png,0
1857,E:\ImageQant\data\generated\images\rec_1857.png,0
2452,E:\ImageQant\data\generated\images\rec_2452.png,0
260,E:\ImageQant\data\generated\images\rec_260.png,0
3155,E:\ImageQant\data\generated\images\rec_3155.png,0
987,E:\ImageQant\data\generated\images\rec_987.png,1
1644,E:\ImageQant\data\generated\images\rec_1644.png,1
2178,E:\ImageQant\data\generated\images\rec_2178.png,0
4232,E:\ImageQant\data\generated\images\rec_4232.png,1
391,E:\ImageQant\data\generated\images\rec_391.png,0
1537,E:\ImageQant\data\generated\images\rec_1537.png,0
2948,E:\ImageQant\data\generated\images\rec_2948.png,0
2708,E:\ImageQant\data\generated\images\rec_2708.png,0
941,E:\ImageQant\data\generated\images\rec_941.png,0
3884,E:\ImageQant\data\generated\images\rec_3884.png,0
2171,E:\ImageQant\data\generated\images\rec_2171.png,0
4014,E:\ImageQant\data\generated\images\rec_4014.png,0
2699,E:\ImageQant\data\generated\images\rec_2699.png,0
3754,E:\ImageQant\data\generated\images\rec_3754.png,1
996,E:\ImageQant\data\generated\images\rec_996.png,0
2333,E:\ImageQant\data\generated\images\rec_2333.png,1
4411,E:\ImageQant\data\generated\images\rec_4411.png,1
2275,E:\ImageQant\data\generated\images\rec_2275.png,1
2812,E:\ImageQant\data\generated\images\rec_2812.png,0
782,E:\ImageQant\data\generated\images\rec_782.png,0
485,E:\ImageQant\data\generated\images\rec_485.png,0
497,E:\ImageQant\data\generated\images\rec_497.png,0
2835,E:\ImageQant\data\generated\images\rec_2835.png,0
588,E:\ImageQant\data\generated\images\rec_588.png,0
900,E:\ImageQant\data\generated\images\rec_900.png,1
2177,E:\ImageQant\data\generated\images\rec_2177.png,1
2157,E:\ImageQant\data\generated\images\rec_2157.png,0
271,E:\ImageQant\data\generated\images\rec_271.png,1
1696,E:\ImageQant\data\generated\images\rec_1696.png,0
231,E:\ImageQant\data\generated\images\rec_231.png,1
2680,E:\ImageQant\data\generated\images\rec_2680.png,0
1574,E:\ImageQant\data\generated\images\rec_1574.png,0
2146,E:\ImageQant\data\generated\images\rec_2146.png,0
3318,E:\ImageQant\data\generated\images\rec_3318.png,1
952,E:\ImageQant\data\generated\images\rec_952.png,0
1038,E:\ImageQant\data\generated\images\rec_1038.png,0
4035,E:\ImageQant\data\generated\images\rec_4035.png,1
419,E:\ImageQant\data\generated\images\rec_419.png,1
914,E:\ImageQant\data\generated\images\rec_914.png,1
2679,E:\ImageQant\data\generated\images\rec_2679.png,0
2408,E:\ImageQant\data\generated\images\rec_2408.png,1
467,E:\ImageQant\data\generated\images\rec_467.png,0
2379,E:\ImageQant\data\generated\images\rec_2379.png,0
2975,E:\ImageQant\data\generated\images\rec_2975.png,0
2952,E:\ImageQant\data\generated\images\rec_2952.png,0
3333,E:\ImageQant\data\generated\images\rec_3333.png,1
565,E:\ImageQant\data\generated\images\rec_565.png,0
3942,E:\ImageQant\data\generated\images\rec_3942.png,0
1268,E:\ImageQant\data\generated\images\rec_1268.png,0
935,E:\ImageQant\data\generated\images\rec_935.png,0
2647,E:\ImageQant\data\generated\images\rec_2647.png,1
575,E:\ImageQant\data\generated\images\rec_575.png,1
210,E:\ImageQant\data\generated\images\rec_210.png,0
127,E:\ImageQant\data\generated\images\rec_127.png,0
3393,E:\ImageQant\data\generated\images\rec_3393.png,0
1221,E:\ImageQant\data\generated\images\rec_1221.png,0
2545,E:\ImageQant\data\generated\images\rec_2545.png,0
2913,E:\ImageQant\data\generated\images\rec_2913.png,0
1112,E:\ImageQant\data\generated\images\rec_1112.png,0
3334,E:\ImageQant\data\generated\images\rec_3334.png,0
204,E:\ImageQant\data\generated\images\rec_204.png,0
2307,E:\ImageQant\data\generated\images\rec_2307.png,1
2554,E:\ImageQant\data\generated\images\rec_2554.png,0
4028,E:\ImageQant\data\generated\images\rec_4028.png,0
2294,E:\ImageQant\data\generated\images\rec_2294.png,1
3433,E:\ImageQant\data\generated\images\rec_3433.png,1
589,E:\ImageQant\data\generated\images\rec_589.png,0
1393,E:\ImageQant\data\generated\images\rec_1393.png,0
2602,E:\ImageQant\data\generated\images\rec_2602.png,0
3890,E:\ImageQant\data\generated\images\rec_3890.png,0
2089,E:\ImageQant\data\generated\images\rec_2089.png,1
663,E:\ImageQant\data\generated\images\rec_663.png,0
2233,E:\ImageQant\data\generated\images\rec_2233.png,1
3245,E:\ImageQant\data\generated\images\rec_3245.png,1
4111,E:\ImageQant\data\generated\images\rec_4111.png,0
843,E:\ImageQant\data\generated\images\rec_843.png,0
2466,E:\ImageQant\data\generated\images\rec_2466.png,0
832,E:\ImageQant\data\generated\images\rec_832.png,0
1790,E:\ImageQant\data\generated\images\rec_1790.png,0
2108,E:\ImageQant\data\generated\images\rec_2108.png,0
1139,E:\ImageQant\data\generated\images\rec_1139.png,0
97,E:\ImageQant\data\generated\images\rec_97.png,0
3667,E:\ImageQant\data\generated\images\rec_3667.png,1
3303,E:\ImageQant\data\generated\images\rec_3303.png,0
1757,E:\ImageQant\data\generated\images\rec_1757.png,1
310,E:\ImageQant\data\generated\images\rec_310.png,0
1869,E:\ImageQant\data\generated\images\rec_1869.png,0
2377,E:\ImageQant\data\generated\images\rec_2377.png,1
3176,E:\ImageQant\data\generated\images\rec_3176.png,0
3492,E:\ImageQant\data\generated\images\rec_3492.png,1
1202,E:\ImageQant\data\generated\images\rec_1202.png,1
305,E:\ImageQant\data\generated\images\rec_305.png,0
1275,E:\ImageQant\data\generated\images\rec_1275.png,0
1472,E:\ImageQant\data\generated\images\rec_1472.png,0
4333,E:\ImageQant\data\generated\images\rec_4333.png,1
3332,E:\ImageQant\data\generated\images\rec_3332.png,1
4370,E:\ImageQant\data\generated\images\rec_4370.png,0
4217,E:\ImageQant\data\generated\images\rec_4217.png,0
1792,E:\ImageQant\data\generated\images\rec_1792.png,1
1101,E:\ImageQant\data\generated\images\rec_1101.png,1
1341,E:\ImageQant\data\generated\images\rec_1341.png,0
3935,E:\ImageQant\data\generated\images\rec_3935.png,0
1543,E:\ImageQant\data\generated\images\rec_1543.png,1
3284,E:\ImageQant\data\generated\images\rec_3284.png,0
3224,E:\ImageQant\data\generated\images\rec_3224.png,1
2944,E:\ImageQant\data\generated\images\rec_2944.png,0
860,E:\ImageQant\data\generated\images\rec_860.png,1
3454,E:\ImageQant\data\generated\images\rec_3454.png,1
1414,E:\ImageQant\data\generated\images\rec_1414.png,0
2481,E:\ImageQant\data\generated\images\rec_2481.png,0
3345,E:\ImageQant\data\generated\images\rec_3345.png,1
590,E:\ImageQant\data\generated\images\rec_590.png,0
1526,E:\ImageQant\data\generated\images\rec_1526.png,1
4034,E:\ImageQant\data\generated\images\rec_4034.png,1
1718,E:\ImageQant\data\generated\images\rec_1718.png,1
4279,E:\ImageQant\data\generated\images\rec_4279.png,1
3771,E:\ImageQant\data\generated\images\rec_3771.png,0
2882,E:\ImageQant\data\generated\images\rec_2882.png,1
3033,E:\ImageQant\data\generated\images\rec_3033.png,0
1806,E:\ImageQant\data\generated\images\rec_1806.png,0
1070,E:\ImageQant\data\generated\images\rec_1070.png,0
605,E:\ImageQant\data\generated\images\rec_605.png,1
1807,E:\ImageQant\data\generated\images\rec_1807.png,1
449,E:\ImageQant\data\generated\images\rec_449.png,0
2855,E:\ImageQant\data\generated\images\rec_2855.png,1
4373,E:\ImageQant\data\generated\images\rec_4373.png,0
2306,E:\ImageQant\data\generated\images\rec_2306.png,1
1719,E:\ImageQant\data\generated\images\rec_1719.png,1
2155,E:\ImageQant\data\generated\images\rec_2155.png,0
520,E:\ImageQant\data\generated\images\rec_520.png,0
1822,E:\ImageQant\data\generated\images\rec_1822.png,0
727,E:\ImageQant\data\generated\images\rec_727.png,1
2193,E:\ImageQant\data\generated\images\rec_2193.png,0
3100,E:\ImageQant\data\generated\images\rec_3100.png,0
3865,E:\ImageQant\data\generated\images\rec_3865.png,1
3210,E:\ImageQant\data\generated\images\rec_3210.png,0
1313,E:\ImageQant\data\generated\images\rec_1313.png,1
1142,E:\ImageQant\data\generated\images\rec_1142.png,1
86,E:\ImageQant\data\generated\images\rec_86.png,0
1795,E:\ImageQant\data\generated\images\rec_1795.png,0
3017,E:\ImageQant\data\generated\images\rec_3017.png,0
1909,E:\ImageQant\data\generated\images\rec_1909.png,0
1660,E:\ImageQant\data\generated\images\rec_1660.png,0
3498,E:\ImageQant\data\generated\images\rec_3498.png,0
3434,E:\ImageQant\data\generated\images\rec_3434.png,1
3696,E:\ImageQant\data\generated\images\rec_3696.png,0
555,E:\ImageQant\data\generated\images\rec_555.png,1
1782,E:\ImageQant\data\generated\images\rec_1782.png,1
926,E:\ImageQant\data\generated\images\rec_926.png,1
1384,E:\ImageQant\data\generated\images\rec_1384.png,0
1316,E:\ImageQant\data\generated\images\rec_1316.png,0
1623,E:\ImageQant\data\generated\images\rec_1623.png,1
1796,E:\ImageQant\data\generated\images\rec_1796.png,0
1301,E:\ImageQant\data\generated\images\rec_1301.png,1
322,E:\ImageQant\data\generated\images\rec_322.png,0
3599,E:\ImageQant\data\generated\images\rec_3599.png,1
1816,E:\ImageQant\data\generated\images\rec_1816.png,0
4335,E:\ImageQant\data\generated\images\rec_4335.png,0
891,E:\ImageQant\data\generated\images\rec_891.png,1
1108,E:\ImageQant\data\generated\images\rec_1108.png,1
1542,E:\ImageQant\data\generated\images\rec_1542.png,1
353,E:\ImageQant\data\generated\images\rec_353.png,0
705,E:\ImageQant\data\generated\images\rec_705.png,1
1888,E:\ImageQant\data\generated\images\rec_1888.png,0
3380,E:\ImageQant\data\generated\images\rec_3380.png,1
1842,E:\ImageQant\data\generated\images\rec_1842.png,0
2310,E:\ImageQant\data\generated\images\rec_2310.png,0
2088,E:\ImageQant\data\generated\images\rec_2088.png,0
1245,E:\ImageQant\data\generated\images\rec_1245.png,1
1901,E:\ImageQant\data\generated\images\rec_1901.png,0
2156,E:\ImageQant\data\generated\images\rec_2156.png,0
2234,E:\ImageQant\data\generated\images\rec_2234.png,0
4065,E:\ImageQant\data\generated\images\rec_4065.png,0
1290,E:\ImageQant\data\generated\images\rec_1290.png,0
1057,E:\ImageQant\data\generated\images\rec_1057.png,0
836,E:\ImageQant\data\generated\images\rec_836.png,1
2212,E:\ImageQant\data\generated\images\rec_2212.png,0
115,E:\ImageQant\data\generated\images\rec_115.png,0
4254,E:\ImageQant\data\generated\images\rec_4254.png,1
2232,E:\ImageQant\data\generated\images\rec_2232.png,1
804,E:\ImageQant\data\generated\images\rec_804.png,0
584,E:\ImageQant\data\generated\images\rec_584.png,0
1195,E:\ImageQant\data\generated\images\rec_1195.png,0
1405,E:\ImageQant\data\generated\images\rec_1405.png,1
158,E:\ImageQant\data\generated\images\rec_158.png,0
2672,E:\ImageQant\data\generated\images\rec_2672.png,1
572,E:\ImageQant\data\generated\images\rec_572.png,1
2461,E:\ImageQant\data\generated\images\rec_2461.png,1
1080,E:\ImageQant\data\generated\images\rec_1080.png,0
2978,E:\ImageQant\data\generated\images\rec_2978.png,0
2025,E:\ImageQant\data\generated\images\rec_2025.png,0
1731,E:\ImageQant\data\generated\images\rec_1731.png,1
3268,E:\ImageQant\data\generated\images\rec_3268.png,1
2693,E:\ImageQant\data\generated\images\rec_2693.png,0
3988,E:\ImageQant\data\generated\images\rec_3988.png,0
1564,E:\ImageQant\data\generated\images\rec_1564.png,0
1947,E:\ImageQant\data\generated\images\rec_1947.png,0
4087,E:\ImageQant\data\generated\images\rec_4087.png,0
2007,E:\ImageQant\data\generated\images\rec_2007.png,0
3710,E:\ImageQant\data\generated\images\rec_3710.png,0
53,E:\ImageQant\data\generated\images\rec_53.png,0
3856,E:\ImageQant\data\generated\images\rec_3856.png,0
1961,E:\ImageQant\data\generated\images\rec_1961.png,0
1229,E:\ImageQant\data\generated\images\rec_1229.png,0
3796,E:\ImageQant\data\generated\images\rec_3796.png,0
4341,E:\ImageQant\data\generated\images\rec_4341.png,0
1444,E:\ImageQant\data\generated\images\rec_1444.png,0
350,E:\ImageQant\data\generated\images\rec_350.png,1
1347,E:\ImageQant\data\generated\images\rec_1347.png,0
3991,E:\ImageQant\data\generated\images\rec_3991.png,1
1363,E:\ImageQant\data\generated\images\rec_1363.png,0
2291,E:\ImageQant\data\generated\images\rec_2291.png,0
1876,E:\ImageQant\data\generated\images\rec_1876.png,1
3724,E:\ImageQant\data\generated\images\rec_3724.png,1
109,E:\ImageQant\data\generated\images\rec_109.png,0
3560,E:\ImageQant\data\generated\images\rec_3560.png,0
838,E:\ImageQant\data\generated\images\rec_838.png,1
2343,E:\ImageQant\data\generated\images\rec_2343.png,0
3917,E:\ImageQant\data\generated\images\rec_3917.png,0
870,E:\ImageQant\data\generated\images\rec_870.png,0
4386,E:\ImageQant\data\generated\images\rec_4386.png,1
3094,E:\ImageQant\data\generated\images\rec_3094.png,1
1375,E:\ImageQant\data\generated\images\rec_1375.png,1
3647,E:\ImageQant\data\generated\images\rec_3647.png,1
651,E:\ImageQant\data\generated\images\rec_651.png,0
3072,E:\ImageQant\data\generated\images\rec_3072.png,1
4142,E:\ImageQant\data\generated\images\rec_4142.png,0
457,E:\ImageQant\data\generated\images\rec_457.png,1
2540,E:\ImageQant\data\generated\images\rec_2540.png,1
3969,E:\ImageQant\data\generated\images\rec_3969.png,0
3640,E:\ImageQant\data\generated\images\rec_3640.png,0
3236,E:\ImageQant\data\generated\images\rec_3236.png,0
2120,E:\ImageQant\data\generated\images\rec_2120.png,1
792,E:\ImageQant\data\generated\images\rec_792.png,0
4076,E:\ImageQant\data\generated\images\rec_4076.png,0
1821,E:\ImageQant\data\generated\images\rec_1821.png,0
1320,E:\ImageQant\data\generated\images\rec_1320.png,0
3508,E:\ImageQant\data\generated\images\rec_3508.png,0
1128,E:\ImageQant\data\generated\images\rec_1128.png,0
4229,E:\ImageQant\data\generated\images\rec_4229.png,1
3394,E:\ImageQant\data\generated\images\rec_3394.png,0
1923,E:\ImageQant\data\generated\images\rec_1923.png,0
1018,E:\ImageQant\data\generated\images\rec_1018.png,1
3281,E:\ImageQant\data\generated\images\rec_3281.png,1
1992,E:\ImageQant\data\generated\images\rec_1992.png,0
3565,E:\ImageQant\data\generated\images\rec_3565.png,1
3702,E:\ImageQant\data\generated\images\rec_3702.png,1
642,E:\ImageQant\data\generated\images\rec_642.png,0
